1.부품명 보정,3.키워드_1,4.키워드_2,5.키워드_3,6.키워드_4,7.키워드_5,8.키워드_6,9.키워드_7,10.키워드_8,11.키워드_9,12.키워드_10,13.키워드_11,14.키워드_12,15.키워드_13,16.키워드_14,17.키워드_15,18.키워드_16,19.키워드_17,20.키워드_18,21.키워드_19,22.키워드_20,23.키워드_21,24.키워드_22,25.키워드_23,26.키워드_24,27.키워드_25,28.키워드_26,29.키워드_27,30.키워드_28,31.키워드_29,32.키워드_30,33.키워드_31,34.키워드_32
14 WHEEL&TIRE A,마모,크랙,파손,교체,유격,소음,베어링,고무,누유,흔들림,운행,깨짐,안됨,불량,이탈,셀,변형,휘어짐,에러,충돌,충전,멈춤,소리,분실,작동불량,고장,버튼,단선,온도,긁힘,,
"250,SLIDE RAIL-UPPER",파손,마모,교체,충돌,소음,고장,깨짐,크랙,,,,,,,,,,,,,,,,,,,,,,,,
"300,SLIDE RAIL-UPPER",파손,충돌,마모,교체,운행,크랙,휘어짐,안됨,불량,소음,셀,에러,작동불량,깨짐,멈춤,이탈,유격,베어링,충전,분실,고장,흔들림,누유,오염,단선,고무,변형,부풀,버튼,,,
3PIN 하네스(카이스),불량,작동불량,온도,파손,교체,안됨,마모,고장,휘어짐,에러,누설,,,,,,,,,,,,,,,,,,,,,
3WAY 밸브(진우/캐리어),안됨,파손,불량,작동불량,교체,누설,,,,,,,,,,,,,,,,,,,,,,,,,,
5핀릴레이,불량,작동불량,안됨,운행,멈춤,파손,셀,교체,고장,에러,마모,충전,소음,누유,단선,변형,분실,버튼,베어링,이탈,누설,온도,,,,,,,,,,
ACCELERATOR ASSY,교체,셀,운행,멈춤,파손,불량,안됨,작동불량,마모,고장,단선,에러,크랙,분실,베어링,소음,누유,고무,충전,깨짐,버튼,유격,흔들림,소리,,,,,,,,
ADVERTISEMENT BOARD A,분실,파손,마모,교체,,,,,,,,,,,,,,,,,,,,,,,,,,,,
BALL JOINT A-LOWER,마모,파손,유격,흔들림,교체,크랙,휘어짐,베어링,고무,소음,안됨,운행,누유,이탈,충돌,깨짐,불량,분실,고장,단선,버튼,소리,,,,,,,,,,
BAR-DOOR LOCKER,파손,마모,교체,충돌,안됨,분실,불량,운행,작동불량,크랙,충전,에러,변형,소음,누유,오염,유격,멈춤,고장,깨짐,부풀,휘어짐,버튼,셀,온도,,,,,,,
BARRIER-REFRIGERATOR,파손,분실,마모,충돌,오염,작동불량,불량,안됨,운행,소음,누유,교체,휘어짐,크랙,버튼,유격,멈춤,,,,,,,,,,,,,,,
"BARRIER-REFRIGERATOR,MID",파손,분실,오염,마모,충돌,소음,누유,교체,크랙,유격,운행,멈춤,,,,,,,,,,,,,,,,,,,,
BATTERY CABLE,파손,,,,,,,,,,,,,,,,,,,,,,,,,,,,,,,
BATTERY PACK ASSY (H3.0/H3.5),운행,에러,셀,충전,멈춤,안됨,교체,불량,작동불량,마모,크랙,파손,안들어옴,고장,온도,분실,소음,깨짐,유격,베어링,,,,,,,,,,,,
BCM,안됨,불량,작동불량,운행,에러,마모,교체,안들어옴,멈춤,셀,,,,,,,,,,,,,,,,,,,,,,
BEARING EM BRAKE,파손,이탈,고무,변형,누유,휘어짐,,,,,,,,,,,,,,,,,,,,,,,,,,
"BOLT-SHAFT,M8X1.25",파손,작동불량,교체,불량,유격,,,,,,,,,,,,,,,,,,,,,,,,,,,
BRAKE LEVER ASSY,파손,불량,안됨,마모,작동불량,운행,누유,멈춤,셀,소음,교체,충돌,베어링,고장,깨짐,휘어짐,크랙,버튼,유격,,,,,,,,,,,,,
"BRKT-MOTOR ASSY,LH",파손,변형,교체,불량,고무,,,,,,,,,,,,,,,,,,,,,,,,,,,
"BRKT-MOTOR ASSY,RH",파손,이탈,변형,,,,,,,,,,,,,,,,,,,,,,,,,,,,,
BRKT-REFRIGERATOR,교체,누설,,,,,,,,,,,,,,,,,,,,,,,,,,,,,,
BRKT-STABILIZER A MTG,파손,교체,마모,유격,휘어짐,변형,고무,운행,크랙,소음,충돌,충전,누유,불량,안됨,베어링,이탈,멈춤,단선,온도,,,,,,,,,,,,
BRKT-WINDOW HOLDING,파손,충돌,마모,분실,깨짐,교체,변형,소음,크랙,유격,소리,작동불량,불량,운행,흔들림,,,,,,,,,,,,,,,,,
"CALIPER ASSY,LH",마모,교체,파손,,,,,,,,,,,,,,,,,,,,,,,,,,,,,
"CALIPER ASSY,RH",파손,교체,마모,크랙,단선,,,,,,,,,,,,,,,,,,,,,,,,,,,
CANOPY CENTER BODY,파손,충돌,마모,운행,휘어짐,교체,크랙,흔들림,불량,소음,안됨,변형,분실,충전,작동불량,유격,베어링,에러,누유,깨짐,오염,멈춤,셀,누설,소리,,,,,,,
CANOPY LH_SIDE_BODY ASSY,파손,충돌,마모,휘어짐,운행,교체,크랙,흔들림,불량,안됨,소음,변형,분실,작동불량,충전,에러,깨짐,유격,베어링,누유,멈춤,셀,고무,누설,,,,,,,,
CANOPY PC PLATE,파손,충돌,마모,운행,휘어짐,교체,깨짐,크랙,흔들림,불량,안됨,오염,분실,작동불량,소음,충전,유격,변형,누유,베어링,셀,에러,버튼,멈춤,고무,소리,단선,누설,,,,
CANOPY RH_SIDE_BODY ASSY,파손,충돌,마모,휘어짐,운행,교체,크랙,흔들림,불량,안됨,소음,변형,분실,작동불량,충전,에러,깨짐,유격,베어링,누유,멈춤,셀,고무,누설,,,,,,,,
CANOPY ROOF_ASSY,파손,충돌,마모,운행,휘어짐,교체,크랙,흔들림,불량,소음,안됨,변형,분실,작동불량,충전,유격,에러,깨짐,베어링,누유,멈춤,셀,고무,누설,소리,,,,,,,
CANOPY SIDE_BRACKET,파손,마모,충돌,크랙,소음,교체,유격,충전,분실,휘어짐,안됨,운행,,,,,,,,,,,,,,,,,,,,
CANOPY-HOLDER,파손,충돌,마모,교체,운행,휘어짐,크랙,누설,유격,불량,흔들림,소음,변형,깨짐,작동불량,안됨,온도,오염,셀,에러,충전,분실,누유,베어링,이탈,멈춤,,,,,,
CAP-COCO YELLOW,파손,교체,분실,충전,불량,온도,누설,마모,충돌,휘어짐,크랙,운행,멈춤,에러,,,,,,,,,,,,,,,,,,
"CAP-DAMPING HINGE,LH",파손,,,,,,,,,,,,,,,,,,,,,,,,,,,,,,,
"CAP-DAMPING HINGE,RH",파손,,,,,,,,,,,,,,,,,,,,,,,,,,,,,,,
CAP-DARK GRAY,파손,분실,교체,마모,충돌,충전,운행,멈춤,에러,온도,,,,,,,,,,,,,,,,,,,,,,
CAP-HINGE,오염,,,,,,,,,,,,,,,,,,,,,,,,,,,,,,,
CARD READER BRKT,파손,,,,,,,,,,,,,,,,,,,,,,,,,,,,,,,
CARD READER STICKER,파손,마모,분실,교체,불량,셀,온도,,,,,,,,,,,,,,,,,,,,,,,,,
CHARGER (H3),충전,안됨,에러,교체,불량,작동불량,운행,멈춤,파손,마모,고장,셀,크랙,고무,온도,,,,,,,,,,,,,,,,,
"CIRCULAR PIPE-FRT BUMPER,OTR",파손,충돌,휘어짐,마모,변형,교체,작동불량,불량,크랙,유격,운행,,,,,,,,,,,,,,,,,,,,,
CLAMP-EM BRAKE,파손,,,,,,,,,,,,,,,,,,,,,,,,,,,,,,,
CLUSTER MODULE (H3),운행,안됨,파손,교체,불량,버튼,멈춤,깨짐,흔들림,마모,작동불량,에러,고장,충전,오염,안들어옴,충돌,소음,크랙,셀,떨림,단선,온도,,,,,,,,,
COLUMN & HELICAL GEAR BOX ASSY,파손,안됨,유격,,,,,,,,,,,,,,,,,,,,,,,,,,,,,
COMPRESSOR ASSY-REFRIGERATOR,불량,교체,작동불량,안됨,온도,고장,파손,소음,충돌,유격,멈춤,누설,,,,,,,,,,,,,,,,,,,,
"CONSOLE-SLIDER BOX,REAR LH A",파손,,,,,,,,,,,,,,,,,,,,,,,,,,,,,,,
"CONSOLE-SLIDER BOX,REAR RH A",파손,마모,교체,소음,충돌,오염,크랙,유격,,,,,,,,,,,,,,,,,,,,,,,,
"CONSOLE-SLIDER BOX,SIDE A",파손,충돌,마모,교체,운행,크랙,깨짐,안됨,소음,휘어짐,충전,작동불량,누유,불량,버튼,베어링,멈춤,에러,분실,오염,이탈,셀,흔들림,,,,,,,,,
"CONSOLE-SLIDER,REAR LW DOOR",파손,교체,,,,,,,,,,,,,,,,,,,,,,,,,,,,,,
"CONSOLE-SLIDER,REAR LW DOOR INNER",파손,교체,,,,,,,,,,,,,,,,,,,,,,,,,,,,,,
"CONSOLE-SLIDER,REAR LW DOOR INNER PIN",파손,마모,,,,,,,,,,,,,,,,,,,,,,,,,,,,,,
"CONTROL ARM A,LH-FRONT",마모,휘어짐,파손,유격,충돌,교체,변형,소음,고무,안됨,크랙,베어링,충전,운행,멈춤,셀,,,,,,,,,,,,,,,,
"CONTROL ARM A,LH-REAR",파손,교체,마모,휘어짐,변형,유격,고무,소음,크랙,충돌,누유,단선,베어링,운행,,,,,,,,,,,,,,,,,,
"CONTROL ARM A,RH-FRONT",마모,휘어짐,파손,충돌,유격,변형,교체,안됨,고무,소음,크랙,베어링,고장,운행,멈춤,,,,,,,,,,,,,,,,,
"CONTROL ARM A,RH-REAR",파손,교체,휘어짐,변형,마모,충돌,크랙,유격,베어링,운행,소음,누유,단선,고무,,,,,,,,,,,,,,,,,,
CONTROL UNIT ASSY,불량,작동불량,운행,안됨,교체,에러,마모,멈춤,파손,고장,크랙,충돌,충전,소음,버튼,,,,,,,,,,,,,,,,,
COVER MAT-FOOTREST,파손,마모,충돌,변형,교체,불량,분실,운행,셀,안됨,크랙,부풀,휘어짐,소음,늘어남,충전,오염,베어링,고무,작동불량,유격,깨짐,이탈,멈춤,온도,누유,버튼,에러,흔들림,고장,안들어옴,단선
COVER-BRAKE SENSOR,파손,안됨,운행,에러,,,,,,,,,,,,,,,,,,,,,,,,,,,,
COVER-DAMPING HINGE,파손,충돌,,,,,,,,,,,,,,,,,,,,,,,,,,,,,,
"COVER-FOOTREST,BOTTOM",파손,마모,충돌,교체,운행,휘어짐,크랙,소음,안됨,불량,유격,변형,베어링,고무,충전,깨짐,이탈,온도,작동불량,누유,부풀,멈춤,에러,분실,오염,버튼,셀,고장,흔들림,,,
"COVER-FOOTREST,REAR",파손,충돌,마모,교체,변형,휘어짐,소음,베어링,이탈,크랙,유격,운행,작동불량,깨짐,오염,불량,부풀,셀,,,,,,,,,,,,,,
"COVER-FOOTREST,TOP",파손,마모,충돌,교체,운행,휘어짐,크랙,소음,안됨,불량,유격,변형,베어링,고무,충전,온도,깨짐,이탈,작동불량,누유,부풀,멈춤,오염,에러,분실,버튼,셀,고장,흔들림,,,
"COVER-KEY LATCH,FRONT",파손,마모,변형,,,,,,,,,,,,,,,,,,,,,,,,,,,,,
"COVER-KEY LATCH,MID",파손,,,,,,,,,,,,,,,,,,,,,,,,,,,,,,,
"COVER-KEY LATCH,REAR",파손,,,,,,,,,,,,,,,,,,,,,,,,,,,,,,,
"COVER-MOTOR,FRONT",파손,충전,오염,온도,,,,,,,,,,,,,,,,,,,,,,,,,,,,
"COVER-MOTOR,MID",파손,마모,누유,깨짐,오염,크랙,운행,,,,,,,,,,,,,,,,,,,,,,,,,
"COVER-MOTOR,REAR",파손,오염,단선,,,,,,,,,,,,,,,,,,,,,,,,,,,,,
COVER-PCB ASSY,파손,작동불량,불량,,,,,,,,,,,,,,,,,,,,,,,,,,,,,
DAMPER-COMPRESSOR,안됨,교체,불량,,,,,,,,,,,,,,,,,,,,,,,,,,,,,
"DAMPER-DOOR,LH",분실,파손,마모,오염,교체,운행,충돌,불량,크랙,베어링,누유,휘어짐,안됨,에러,고무,,,,,,,,,,,,,,,,,
"DAMPER-DOOR,RH",분실,파손,마모,오염,충돌,교체,불량,안됨,충전,작동불량,베어링,운행,변형,소음,누유,크랙,멈춤,에러,고무,흔들림,,,,,,,,,,,,
DAMPER-MOTOR ASSY,파손,마모,변형,불량,고무,충돌,작동불량,누유,단선,에러,떨림,,,,,,,,,,,,,,,,,,,,,
DAMPING HINGE ASSY,파손,불량,마모,충돌,작동불량,소음,오염,온도,소리,,,,,,,,,,,,,,,,,,,,,,,
DC NCT 저항,파손,변형,충전,작동불량,불량,휘어짐,멈춤,,,,,,,,,,,,,,,,,,,,,,,,,
DC/DC CONVERTER (H2.5),불량,안됨,작동불량,운행,고장,멈춤,에러,충전,교체,안들어옴,,,,,,,,,,,,,,,,,,,,,,
DC/DC CONVERTER (H2.5/H3.5),안됨,교체,운행,파손,불량,멈춤,충전,작동불량,고장,안들어옴,마모,단선,온도,,,,,,,,,,,,,,,,,,,
DC/DC CONVERTER (H3),안됨,운행,교체,불량,에러,멈춤,셀,충전,안들어옴,마모,작동불량,파손,소음,버튼,,,,,,,,,,,,,,,,,,
DC감속기판,파손,깨짐,변형,충전,오염,교체,휘어짐,,,,,,,,,,,,,,,,,,,,,,,,,
DC너클프론트,파손,휘어짐,마모,변형,충전,베어링,,,,,,,,,,,,,,,,,,,,,,,,,,
DC로어암,파손,마모,충전,휘어짐,,,,,,,,,,,,,,,,,,,,,,,,,,,,
DC발판쇼바,파손,충전,,,,,,,,,,,,,,,,,,,,,,,,,,,,,,
DC발판프레임,파손,마모,충전,오염,휘어짐,,,,,,,,,,,,,,,,,,,,,,,,,,,
DC브라켓봉,휘어짐,셀,,,,,,,,,,,,,,,,,,,,,,,,,,,,,,
DC앞범퍼브라켓ASSY,파손,변형,휘어짐,,,,,,,,,,,,,,,,,,,,,,,,,,,,,
DC어퍼암,파손,깨짐,오염,,,,,,,,,,,,,,,,,,,,,,,,,,,,,
DC전후방쇼바,마모,휘어짐,변형,,,,,,,,,,,,,,,,,,,,,,,,,,,,,
DC조인트 m12 (오1.75),마모,파손,변형,충전,,,,,,,,,,,,,,,,,,,,,,,,,,,,
DC조인트 m12 (왼1.75),마모,파손,변형,충전,,,,,,,,,,,,,,,,,,,,,,,,,,,,
DC콘트롤러 - PG,파손,작동불량,불량,운행,멈춤,,,,,,,,,,,,,,,,,,,,,,,,,,,
DC키스위치,휘어짐,,,,,,,,,,,,,,,,,,,,,,,,,,,,,,,
DC프론트로드,파손,마모,변형,충전,깨짐,오염,,,,,,,,,,,,,,,,,,,,,,,,,,
DISPLAY ASSY,버튼,온도,불량,안됨,파손,작동불량,교체,안들어옴,마모,고장,운행,누설,,,,,,,,,,,,,,,,,,,,
"DOOR HANDLE,FR",파손,마모,교체,충돌,고장,불량,분실,소음,휘어짐,크랙,버튼,운행,멈춤,,,,,,,,,,,,,,,,,,,
"DOOR HANDLE,RR",파손,마모,교체,충돌,고장,분실,소음,불량,휘어짐,크랙,버튼,운행,멈춤,,,,,,,,,,,,,,,,,,,
"DOOR-REFRIGERATOR,FRONT",파손,오염,불량,변형,,,,,,,,,,,,,,,,,,,,,,,,,,,,
"DOOR-REFRIGERATOR,MID",파손,오염,변형,충돌,불량,휘어짐,,,,,,,,,,,,,,,,,,,,,,,,,,
"DOOR-REFRIGERATOR,REAR",파손,오염,작동불량,불량,변형,충돌,버튼,,,,,,,,,,,,,,,,,,,,,,,,,
"DOOR-REFRIGERATOR,SIDE LH",파손,충돌,교체,운행,오염,마모,크랙,,,,,,,,,,,,,,,,,,,,,,,,,
"DOOR-REFRIGERATOR,SIDE RH",파손,충돌,크랙,오염,교체,휘어짐,유격,소리,,,,,,,,,,,,,,,,,,,,,,,,
"DRAWER-REFRIGERATOR,LH",파손,충돌,마모,교체,운행,깨짐,휘어짐,안됨,,,,,,,,,,,,,,,,,,,,,,,,
"DRAWER-REFRIGERATOR,RH",파손,충돌,마모,교체,크랙,유격,운행,변형,소음,깨짐,소리,긁힘,,,,,,,,,,,,,,,,,,,,
DRIER ASSY,작동불량,불량,,,,,,,,,,,,,,,,,,,,,,,,,,,,,,
"DRIVESHAFT ASSY, LH",파손,고무,마모,누유,유격,베어링,소음,크랙,이탈,교체,운행,멈춤,흔들림,불량,안됨,휘어짐,충돌,에러,작동불량,변형,충전,분실,깨짐,셀,소리,긁힘,,,,,,
"DRIVESHAFT ASSY, RH",파손,누유,마모,고무,유격,베어링,소음,이탈,크랙,운행,교체,멈춤,휘어짐,안됨,흔들림,불량,충돌,변형,작동불량,깨짐,소리,셀,에러,충전,분실,고장,긁힘,,,,,
ELECTROMAGNETIC BRAKE ASSY,운행,멈춤,파손,소음,단선,마모,불량,변형,안됨,에러,유격,작동불량,교체,크랙,고무,충전,누유,고장,셀,,,,,,,,,,,,,
ELECTRONIC BACK HORN,마모,소음,불량,안됨,유격,고무,,,,,,,,,,,,,,,,,,,,,,,,,,
ELECTRONIC HORN,교체,파손,고장,소리,,,,,,,,,,,,,,,,,,,,,,,,,,,,
ENCODER,운행,멈춤,불량,에러,파손,마모,교체,작동불량,안됨,온도,소음,충전,고장,크랙,유격,베어링,셀,소리,,,,,,,,,,,,,,
FAN ASSY-REFRIGERATOR,불량,안됨,에러,작동불량,소음,교체,온도,마모,파손,충전,고장,크랙,멈춤,,,,,,,,,,,,,,,,,,,
FAN모터하네스(진우/캐리어),마모,불량,안됨,파손,변형,작동불량,교체,누설,,,,,,,,,,,,,,,,,,,,,,,,
FRAME-FOOTHOLDER A,파손,휘어짐,마모,변형,충돌,교체,유격,크랙,소음,안됨,셀,,,,,,,,,,,,,,,,,,,,,
FRAME-FRONT BUMPER A,파손,충돌,휘어짐,마모,교체,운행,크랙,변형,소음,충전,누유,고장,안됨,단선,버튼,멈춤,,,,,,,,,,,,,,,,
FRAME-HARDBAG BRACKET A,파손,충돌,휘어짐,마모,변형,교체,크랙,운행,,,,,,,,,,,,,,,,,,,,,,,,
FRAME-LOWER A,파손,,,,,,,,,,,,,,,,,,,,,,,,,,,,,,,
FRAME-TOP A,파손,교체,,,,,,,,,,,,,,,,,,,,,,,,,,,,,,
FRAME-TRANSAXLE A,파손,변형,마모,소음,운행,교체,고무,유격,누유,휘어짐,크랙,충돌,베어링,불량,안됨,멈춤,셀,충전,분실,작동불량,고장,이탈,온도,흔들림,,,,,,,,
FRONT LED ASSY LH,파손,작동불량,불량,안됨,안들어옴,,,,,,,,,,,,,,,,,,,,,,,,,,,
FRONT LED ASSY RH,파손,작동불량,불량,안됨,안들어옴,,,,,,,,,,,,,,,,,,,,,,,,,,,
FRONT LED CONTROLLER,파손,불량,작동불량,고장,안됨,안들어옴,,,,,,,,,,,,,,,,,,,,,,,,,,
FRT LED MODULE LH,파손,마모,작동불량,불량,안됨,안들어옴,누설,,,,,,,,,,,,,,,,,,,,,,,,,
FRT LED MODULE RH,파손,마모,작동불량,불량,안들어옴,,,,,,,,,,,,,,,,,,,,,,,,,,,
"GASKET-DOOR,FRONT",오염,파손,고장,교체,,,,,,,,,,,,,,,,,,,,,,,,,,,,
"GASKET-DOOR,MID",오염,파손,고장,,,,,,,,,,,,,,,,,,,,,,,,,,,,,
"GASKET-DOOR,REAR",오염,파손,고장,교체,,,,,,,,,,,,,,,,,,,,,,,,,,,,
"GASKET-DOOR,SIDE LH",파손,마모,오염,운행,,,,,,,,,,,,,,,,,,,,,,,,,,,,
"GASKET-DOOR,SIDE RH",파손,마모,충돌,오염,,,,,,,,,,,,,,,,,,,,,,,,,,,,
GUIDE-DOOR LOCKER,파손,마모,충돌,크랙,안됨,운행,변형,작동불량,교체,불량,오염,휘어짐,이탈,멈춤,,,,,,,,,,,,,,,,,,
HANDLE BAR,파손,교체,불량,,,,,,,,,,,,,,,,,,,,,,,,,,,,,
HANDLE-EM BRAKE,파손,교체,이탈,마모,충돌,휘어짐,,,,,,,,,,,,,,,,,,,,,,,,,,
HARNESS-CAN CONNECT,교체,파손,불량,,,,,,,,,,,,,,,,,,,,,,,,,,,,,
HEAD LAMP,파손,마모,충돌,교체,불량,휘어짐,안됨,안들어옴,운행,,,,,,,,,,,,,,,,,,,,,,,
HEATING HANDLE GRIP LH,안됨,파손,불량,마모,작동불량,단선,교체,고장,충전,고무,온도,안들어옴,운행,셀,에러,충돌,분실,소음,크랙,버튼,멈춤,,,,,,,,,,,
HEATING HANDLE GRIP RH,안됨,파손,단선,마모,불량,작동불량,교체,운행,고무,충돌,멈춤,셀,충전,소음,안들어옴,버튼,에러,분실,누유,온도,,,,,,,,,,,,
HINGE ASSY,파손,분실,누유,오염,불량,,,,,,,,,,,,,,,,,,,,,,,,,,,
"HINGE ASSY,CENTER",파손,오염,누유,불량,,,,,,,,,,,,,,,,,,,,,,,,,,,,
HINGE_HD2026-12,마모,,,,,,,,,,,,,,,,,,,,,,,,,,,,,,,
HINGE_HG5032-15,파손,교체,,,,,,,,,,,,,,,,,,,,,,,,,,,,,,
HOOK-CLAMP,파손,교체,이탈,마모,휘어짐,안됨,,,,,,,,,,,,,,,,,,,,,,,,,,
"HOOK-CLAMP,TOP FRAME",파손,충돌,안됨,베어링,운행,고무,,,,,,,,,,,,,,,,,,,,,,,,,,
HOSE-BRAKE,파손,교체,누유,단선,흔들림,,,,,,,,,,,,,,,,,,,,,,,,,,,
HYDC깜박이릴레이,파손,불량,작동불량,마모,안됨,운행,멈춤,소음,고장,버튼,변형,충전,오염,교체,,,,,,,,,,,,,,,,,,
HYDC두부싱,파손,휘어짐,마모,변형,안됨,소음,교체,운행,,,,,,,,,,,,,,,,,,,,,,,,
HYDC디스크,소음,파손,교체,운행,셀,멈춤,누유,마모,안됨,불량,변형,유격,베어링,작동불량,에러,충전,흔들림,온도,오염,휘어짐,누설,소리,,,,,,,,,,
HYDC러버부싱,파손,소음,교체,불량,멈춤,온도,깨짐,오염,안됨,운행,,,,,,,,,,,,,,,,,,,,,,
HYDC리어허브-28π,소음,파손,교체,운행,셀,멈춤,마모,안됨,누유,유격,변형,불량,에러,베어링,충전,작동불량,흔들림,분실,오염,누설,온도,소리,,,,,,,,,,
HYDC릴레이박스,교체,안됨,안들어옴,작동불량,불량,멈춤,소리,,,,,,,,,,,,,,,,,,,,,,,,,
HYDC마그넷컨택터,운행,멈춤,불량,작동불량,안됨,에러,교체,파손,충전,셀,소음,고장,소리,마모,온도,변형,누유,단선,,,,,,,,,,,,,,
HYDC발판핀,파손,휘어짐,변형,작동불량,불량,안됨,,,,,,,,,,,,,,,,,,,,,,,,,,
HYDC브레이크레버,파손,불량,셀,누유,안됨,교체,마모,작동불량,충전,소음,멈춤,운행,깨짐,고장,에러,온도,오염,유격,누설,휘어짐,단선,변형,충돌,버튼,베어링,이탈,흔들림,,,,,
HYDC브레이크패드,파손,마모,소음,불량,교체,멈춤,셀,분실,작동불량,운행,충전,안됨,누유,고장,깨짐,버튼,,,,,,,,,,,,,,,,
HYDC브레이크호스,파손,누유,불량,,,,,,,,,,,,,,,,,,,,,,,,,,,,,
HYDC스티어링칼럼ASSY,파손,,,,,,,,,,,,,,,,,,,,,,,,,,,,,,,
HYDC저항10k,파손,교체,운행,멈춤,마모,변형,깨짐,불량,셀,에러,,,,,,,,,,,,,,,,,,,,,,
HYDC전자브레이크48V,소음,파손,운행,멈춤,불량,교체,셀,작동불량,안됨,누유,에러,마모,고장,단선,베어링,유격,흔들림,충전,온도,소리,충돌,오염,버튼,누설,,,,,,,,
HYDC조인트 m8,파손,휘어짐,마모,불량,충돌,소음,교체,안됨,온도,,,,,,,,,,,,,,,,,,,,,,,
HYDC캘리퍼오,파손,소음,마모,불량,안됨,교체,누유,운행,셀,작동불량,멈춤,고장,베어링,이탈,에러,온도,흔들림,,,,,,,,,,,,,,,
HYDC캘리퍼왼,파손,소음,마모,안됨,불량,운행,교체,멈춤,작동불량,누유,셀,깨짐,흔들림,휘어짐,유격,에러,온도,,,,,,,,,,,,,,,
HYDC컨버터,불량,파손,작동불량,운행,멈춤,에러,,,,,,,,,,,,,,,,,,,,,,,,,,
HYDC케이블ASSY,파손,불량,변형,늘어남,휘어짐,누설,온도,,,,,,,,,,,,,,,,,,,,,,,,,
HYDC프론트허브,파손,베어링,마모,소음,셀,교체,충전,휘어짐,변형,불량,안됨,운행,누유,멈춤,온도,소리,작동불량,유격,고무,누설,,,,,,,,,,,,
HYDC휴즈10A,파손,불량,안됨,멈춤,운행,마모,충전,작동불량,교체,고장,셀,소음,단선,안들어옴,에러,온도,분실,오염,휘어짐,,,,,,,,,,,,,
HYTS발판쇼바,파손,불량,온도,고장,교체,휘어짐,안됨,,,,,,,,,,,,,,,,,,,,,,,,,
HY감속기판,파손,소음,교체,운행,깨짐,셀,충전,불량,안됨,멈춤,마모,변형,작동불량,에러,,,,,,,,,,,,,,,,,,
HY너클(오),파손,베어링,셀,마모,충전,교체,소음,휘어짐,안됨,변형,불량,소리,,,,,,,,,,,,,,,,,,,,
HY너클(왼),파손,베어링,마모,셀,교체,소음,충전,변형,휘어짐,운행,불량,안됨,멈춤,,,,,,,,,,,,,,,,,,,
HY로어암,파손,마모,불량,운행,작동불량,교체,멈춤,변형,휘어짐,안됨,셀,충전,소음,에러,누유,,,,,,,,,,,,,,,,,
HY로커버,파손,마모,불량,안됨,교체,변형,작동불량,소음,고장,운행,멈춤,,,,,,,,,,,,,,,,,,,,,
HY리어미드커버판,교체,,,,,,,,,,,,,,,,,,,,,,,,,,,,,,,
HY리어보스,파손,마모,불량,셀,충돌,변형,작동불량,안됨,베어링,운행,,,,,,,,,,,,,,,,,,,,,,
HY메인스위치ASSY,충전,파손,안됨,불량,교체,작동불량,버튼,고장,셀,휘어짐,마모,운행,소음,단선,멈춤,온도,분실,오염,안들어옴,에러,변형,누유,누설,유격,,,,,,,,
HY메인하네스ASSY,멈춤,운행,불량,단선,교체,작동불량,충전,안됨,파손,에러,,,,,,,,,,,,,,,,,,,,,,
HY발판프레임,파손,휘어짐,변형,충돌,작동불량,소음,불량,안됨,마모,운행,멈춤,,,,,,,,,,,,,,,,,,,,,
HY숏프론트로드,파손,휘어짐,마모,변형,셀,교체,충돌,소음,불량,운행,안됨,멈춤,충전,작동불량,베어링,이탈,에러,분실,누유,오염,유격,온도,,,,,,,,,,
HY앞범퍼브라켓ASSY,파손,휘어짐,충돌,교체,셀,소음,안됨,마모,충전,불량,변형,작동불량,고장,깨짐,오염,운행,온도,,,,,,,,,,,,,,,
HY어퍼암(오),파손,마모,셀,작동불량,교체,불량,변형,휘어짐,운행,소음,멈춤,,,,,,,,,,,,,,,,,,,,,
HY어퍼암(왼),파손,마모,셀,작동불량,교체,불량,변형,운행,소음,휘어짐,멈춤,,,,,,,,,,,,,,,,,,,,,
HY전방폴대,파손,변형,충돌,휘어짐,운행,,,,,,,,,,,,,,,,,,,,,,,,,,,
HY전후방쇼바,파손,소음,마모,누유,변형,교체,불량,휘어짐,운행,작동불량,셀,충전,안됨,멈춤,흔들림,,,,,,,,,,,,,,,,,
HY조인트 m12(오1.25),파손,마모,변형,휘어짐,불량,셀,안됨,운행,소음,멈춤,교체,베어링,충돌,분실,작동불량,누유,유격,이탈,에러,충전,온도,,,,,,,,,,,
HY조인트 m12(왼1.25),파손,마모,변형,휘어짐,불량,셀,안됨,운행,소음,멈춤,작동불량,교체,베어링,충돌,누유,유격,이탈,에러,온도,분실,,,,,,,,,,,,
HY캐노피볼트 m8,파손,안됨,마모,분실,불량,교체,변형,작동불량,셀,충전,오염,운행,소음,휘어짐,멈춤,충돌,고장,단선,버튼,에러,,,,,,,,,,,,
HY캐노피부싱,파손,교체,,,,,,,,,,,,,,,,,,,,,,,,,,,,,,
HY콘트롤러,운행,멈춤,에러,불량,작동불량,안됨,교체,파손,충전,셀,소음,고장,안들어옴,온도,마모,,,,,,,,,,,,,,,,,
HY파이프브라켓,파손,휘어짐,충돌,안됨,운행,셀,,,,,,,,,,,,,,,,,,,,,,,,,,
HY폴대수축튜브(5Φ),파손,변형,휘어짐,,,,,,,,,,,,,,,,,,,,,,,,,,,,,
HY프론트보스,파손,휘어짐,마모,불량,변형,셀,작동불량,소음,충전,교체,안됨,유격,운행,충돌,베어링,이탈,온도,,,,,,,,,,,,,,,
HY프론트핀,파손,휘어짐,마모,변형,불량,셀,작동불량,소음,충전,교체,안됨,유격,운행,충돌,베어링,이탈,,,,,,,,,,,,,,,,
HY프론트허브,파손,소음,베어링,마모,교체,불량,안됨,셀,충전,작동불량,멈춤,변형,단선,버튼,운행,온도,,,,,,,,,,,,,,,,
"KEY ASSY-REFRIGERATOR,BOTTOM",파손,마모,휘어짐,충돌,교체,안됨,충전,,,,,,,,,,,,,,,,,,,,,,,,,
"KEY ASSY-REFRIGERATOR,FRONT",파손,교체,마모,불량,충돌,안됨,작동불량,휘어짐,고장,크랙,운행,오염,충전,분실,소음,누유,깨짐,버튼,유격,베어링,셀,온도,,,,,,,,,,
"KEY ASSY-REFRIGERATOR,REAR",파손,교체,불량,마모,안됨,작동불량,충돌,운행,크랙,고장,휘어짐,오염,변형,누유,단선,버튼,셀,고무,,,,,,,,,,,,,,
KEY SET,파손,분실,마모,충돌,교체,휘어짐,안됨,,,,,,,,,,,,,,,,,,,,,,,,,
"KNUCKLE ASSY,LH-FRONT",파손,마모,베어링,유격,소음,교체,안됨,흔들림,불량,운행,작동불량,크랙,소리,휘어짐,멈춤,고무,충돌,에러,변형,누유,고장,이탈,떨림,,,,,,,,,
"KNUCKLE ASSY,LH-REAR",파손,베어링,소음,유격,마모,고무,크랙,누유,운행,흔들림,불량,교체,작동불량,멈춤,안됨,이탈,소리,깨짐,휘어짐,충돌,떨림,변형,충전,분실,에러,온도,긁힘,,,,,
"KNUCKLE ASSY,RH-FRONT",파손,베어링,마모,소음,유격,교체,불량,작동불량,운행,크랙,흔들림,안됨,휘어짐,고무,충돌,멈춤,누유,고장,셀,소리,,,,,,,,,,,,
"KNUCKLE ASSY,RH-REAR",파손,베어링,소음,유격,마모,고무,크랙,누유,운행,흔들림,이탈,교체,불량,멈춤,작동불량,소리,안됨,변형,깨짐,충돌,휘어짐,에러,버튼,분실,셀,온도,긁힘,,,,,
LATCH-DOOR LOCKER,파손,마모,분실,교체,크랙,안됨,운행,이탈,변형,충돌,충전,작동불량,불량,오염,멈춤,에러,,,,,,,,,,,,,,,,
LEVER BUTTON-DOOR LOCKER,파손,마모,교체,충돌,안됨,운행,크랙,불량,충전,분실,작동불량,깨짐,멈춤,셀,에러,버튼,변형,누유,오염,휘어짐,유격,소음,고장,부풀,온도,,,,,,,
"LEVER HOLDER-DOOR LOCKER,LH",파손,마모,충돌,운행,크랙,교체,분실,안됨,멈춤,충전,누유,오염,부풀,휘어짐,유격,셀,온도,,,,,,,,,,,,,,,
"LEVER HOLDER-DOOR LOCKER,RH",파손,마모,충돌,크랙,운행,교체,분실,안됨,멈춤,충전,누유,오염,부풀,휘어짐,유격,셀,온도,,,,,,,,,,,,,,,
LINE-CHARGING,파손,충전,안됨,분실,불량,교체,마모,단선,작동불량,셀,운행,소음,멈춤,휘어짐,고장,누설,버튼,충돌,오염,에러,변형,온도,크랙,베어링,누유,고무,안들어옴,유격,깨짐,,,
LTE WIFI LTE ROUTER,교체,에러,파손,작동불량,불량,안됨,운행,,,,,,,,,,,,,,,,,,,,,,,,,
MAGNET CATCHES BODY_B-MS40,파손,분실,마모,충돌,작동불량,교체,불량,운행,,,,,,,,,,,,,,,,,,,,,,,,
MAGNET CATCHES BODY_B-MS40-1,파손,작동불량,교체,불량,크랙,마모,버튼,,,,,,,,,,,,,,,,,,,,,,,,,
MAIN-HARNESS,교체,파손,셀,단선,에러,,,,,,,,,,,,,,,,,,,,,,,,,,,
"MOLDING-BUMPER,UPPER A",파손,충돌,마모,교체,운행,휘어짐,분실,누유,크랙,변형,깨짐,안됨,버튼,멈춤,소음,오염,유격,베어링,고무,,,,,,,,,,,,,
"MOLDING-SIDE,LH A",파손,마모,교체,충돌,안됨,불량,크랙,충전,분실,작동불량,오염,휘어짐,버튼,운행,멈춤,누설,온도,,,,,,,,,,,,,,,
"MOLDING-SIDE,RH A",파손,충돌,교체,마모,충전,크랙,작동불량,불량,안됨,온도,버튼,셀,에러,누설,흔들림,,,,,,,,,,,,,,,,,
MOLDING-TAILLIGHT A,파손,충돌,마모,교체,운행,분실,안됨,휘어짐,고무,변형,불량,크랙,이탈,멈춤,충전,작동불량,소음,안들어옴,유격,베어링,셀,온도,흔들림,,,,,,,,,
MOTOR ASSY,소음,멈춤,운행,파손,교체,에러,불량,누유,안됨,작동불량,크랙,유격,마모,고무,고장,베어링,셀,온도,변형,단선,이탈,흔들림,긁힘,,,,,,,,,
MOTOR ASSY-KEY,파손,고장,안됨,마모,분실,,,,,,,,,,,,,,,,,,,,,,,,,,,
MOTOR CABLE,교체,운행,멈춤,,,,,,,,,,,,,,,,,,,,,,,,,,,,,
MOTOR CONTROLLER,멈춤,에러,운행,불량,안됨,교체,셀,소음,작동불량,,,,,,,,,,,,,,,,,,,,,,,
MOTOR_A,소음,파손,운행,멈춤,교체,셀,불량,에러,안됨,작동불량,누유,온도,마모,충전,단선,베어링,고장,유격,누설,소리,,,,,,,,,,,,
MTR CONTROLLER,운행,에러,멈춤,교체,안됨,불량,셀,작동불량,마모,소음,소리,파손,고장,버튼,온도,깨짐,충전,크랙,떨림,,,,,,,,,,,,,
MULTI FUNCTION SW,안됨,불량,파손,작동불량,고장,마모,교체,셀,버튼,충전,운행,오염,멈춤,소음,변형,휘어짐,에러,분실,누유,온도,충돌,깨짐,크랙,단선,누설,흔들림,,,,,,
OIL SEAL-GEARBOX,파손,누유,소음,크랙,마모,베어링,고무,,,,,,,,,,,,,,,,,,,,,,,,,
"PANEL LOWER COVER,REAR MIDDLE",파손,교체,충돌,소음,깨짐,안됨,유격,,,,,,,,,,,,,,,,,,,,,,,,,
PANEL-BUMPER FRONT,파손,충돌,마모,교체,운행,휘어짐,크랙,멈춤,변형,누유,깨짐,불량,유격,고무,작동불량,소음,부풀,소리,,,,,,,,,,,,,,
"PANEL-CENTER COVER,FRONT A",파손,충돌,마모,교체,누유,휘어짐,운행,에러,온도,,,,,,,,,,,,,,,,,,,,,,,
"PANEL-CENTER SIDE,LH OP A",파손,교체,충돌,마모,깨짐,오염,휘어짐,불량,누설,,,,,,,,,,,,,,,,,,,,,,,
"PANEL-CENTER SIDE,RH A",파손,충돌,교체,마모,오염,불량,휘어짐,운행,누설,,,,,,,,,,,,,,,,,,,,,,,
"PANEL-CENTER,REAR",파손,교체,마모,오염,,,,,,,,,,,,,,,,,,,,,,,,,,,,
PANEL-CONSOLE SLIDER BOX A,파손,교체,,,,,,,,,,,,,,,,,,,,,,,,,,,,,,
"PANEL-CONSOLE SLIDER BOX,SIDE A",파손,마모,교체,휘어짐,,,,,,,,,,,,,,,,,,,,,,,,,,,,
PANEL-DASH A,파손,마모,충전,소음,오염,교체,휘어짐,,,,,,,,,,,,,,,,,,,,,,,,,
"PANEL-DASH COVER,LH",파손,충전,,,,,,,,,,,,,,,,,,,,,,,,,,,,,,
"PANEL-DASH COVER,RH",파손,충돌,마모,작동불량,교체,불량,크랙,운행,에러,,,,,,,,,,,,,,,,,,,,,,,
"PANEL-FRONT WHEELHOUSE,LH A",파손,교체,충돌,휘어짐,,,,,,,,,,,,,,,,,,,,,,,,,,,,
"PANEL-FRONT WHEELHOUSE,RH A",파손,충돌,교체,마모,,,,,,,,,,,,,,,,,,,,,,,,,,,,
PANEL-GRILLE,파손,충돌,,,,,,,,,,,,,,,,,,,,,,,,,,,,,,
PANEL-GRILLE BUMPER,파손,충돌,,,,,,,,,,,,,,,,,,,,,,,,,,,,,,
"PANEL-HANDLE,FRONT",파손,마모,,,,,,,,,,,,,,,,,,,,,,,,,,,,,,
"PANEL-HANDLE,REAR",파손,,,,,,,,,,,,,,,,,,,,,,,,,,,,,,,
"PANEL-HARDBAG,FRONT",파손,마모,충돌,휘어짐,교체,크랙,운행,안됨,변형,충전,분실,소음,단선,누유,고장,불량,작동불량,깨짐,오염,버튼,유격,베어링,멈춤,,,,,,,,,
"PANEL-HARDBAG,REAR",파손,마모,충돌,휘어짐,교체,운행,크랙,변형,충전,안됨,분실,소음,단선,누유,고장,불량,작동불량,깨짐,오염,버튼,유격,베어링,멈춤,,,,,,,,,
"PANEL-LED MODULE,FRONT A",파손,충돌,교체,마모,불량,작동불량,휘어짐,베어링,고무,,,,,,,,,,,,,,,,,,,,,,,
"PANEL-LED MODULE,REAR A",파손,교체,,,,,,,,,,,,,,,,,,,,,,,,,,,,,,
"PANEL-LOWER COVER,REAR LH",파손,마모,충돌,교체,소음,에러,온도,,,,,,,,,,,,,,,,,,,,,,,,,
"PANEL-LOWER COVER,REAR RH",파손,충돌,마모,오염,교체,안됨,충전,깨짐,온도,,,,,,,,,,,,,,,,,,,,,,,
"PANEL-LOWER SIDE,LH",파손,충돌,교체,마모,크랙,충전,오염,휘어짐,안됨,운행,온도,,,,,,,,,,,,,,,,,,,,,
"PANEL-LOWER SIDE,RH",파손,마모,충돌,교체,충전,온도,오염,크랙,에러,,,,,,,,,,,,,,,,,,,,,,,
PANEL-PDA SUPPORT RUBBER,파손,분실,,,,,,,,,,,,,,,,,,,,,,,,,,,,,,
"PANEL-REAR WHEELHOUSE,LH A",교체,파손,마모,충돌,소음,,,,,,,,,,,,,,,,,,,,,,,,,,,
"PANEL-REAR WHEELHOUSE,RH A",파손,교체,마모,,,,,,,,,,,,,,,,,,,,,,,,,,,,,
"PANEL-TOP COVER,FRONT A",파손,충돌,마모,교체,운행,흔들림,,,,,,,,,,,,,,,,,,,,,,,,,,
"PANEL-TOP COVER,REAR",교체,,,,,,,,,,,,,,,,,,,,,,,,,,,,,,,
"PANEL-UPPER SIDE,LH A",파손,교체,마모,충돌,휘어짐,운행,누설,,,,,,,,,,,,,,,,,,,,,,,,,
"PANEL-UPPER SIDE,LH OP A",파손,충돌,분실,작동불량,교체,불량,,,,,,,,,,,,,,,,,,,,,,,,,,
"PANEL-UPPER SIDE,RH A",파손,마모,교체,충돌,휘어짐,오염,불량,온도,흔들림,분실,작동불량,소음,운행,누설,,,,,,,,,,,,,,,,,,
PARKING AID SENSOR,파손,마모,,,,,,,,,,,,,,,,,,,,,,,,,,,,,,
PCB ASSY-MAIN,온도,불량,안됨,작동불량,교체,안들어옴,에러,파손,충전,마모,멈춤,운행,고장,분실,소음,깨짐,크랙,셀,고무,,,,,,,,,,,,,
PIN SHAFT-DOOR LOCKER,파손,마모,충돌,운행,충전,교체,크랙,멈춤,안됨,에러,누유,오염,불량,부풀,휘어짐,유격,셀,온도,,,,,,,,,,,,,,
PIN-FOOTHOLDER A,마모,파손,교체,안됨,,,,,,,,,,,,,,,,,,,,,,,,,,,,
PLATE ELEC MODULE,파손,교체,불량,,,,,,,,,,,,,,,,,,,,,,,,,,,,,
PLATE-LOWER,파손,교체,마모,변형,충돌,충전,안됨,소음,불량,휘어짐,크랙,셀,작동불량,누유,유격,베어링,운행,고무,온도,흔들림,,,,,,,,,,,,
PLATE-MID,파손,충돌,마모,휘어짐,변형,소음,크랙,온도,흔들림,,,,,,,,,,,,,,,,,,,,,,,
"PLATE-SIDE,LH",파손,마모,,,,,,,,,,,,,,,,,,,,,,,,,,,,,,
"PLATE-SIDE,RH",파손,충돌,마모,휘어짐,소음,온도,흔들림,,,,,,,,,,,,,,,,,,,,,,,,,
"PLATE_SIDE,LH",파손,충돌,휘어짐,마모,변형,온도,,,,,,,,,,,,,,,,,,,,,,,,,,
"PLUG-DRAIN HOLE,UPPER",파손,교체,분실,불량,안됨,셀,온도,,,,,,,,,,,,,,,,,,,,,,,,,
POWER UNIT ASSY,소음,불량,작동불량,안됨,떨림,파손,마모,,,,,,,,,,,,,,,,,,,,,,,,,
"RAIL ASSY-DRAWER,LH",파손,충돌,마모,휘어짐,교체,운행,크랙,안됨,소음,베어링,누유,변형,충전,분실,유격,고무,흔들림,고장,불량,에러,누설,온도,소리,,,,,,,,,
"RAIL ASSY-DRAWER,RH",파손,충돌,마모,휘어짐,교체,운행,크랙,안됨,소음,누유,흔들림,충전,베어링,셀,고무,변형,분실,불량,유격,에러,온도,소리,,,,,,,,,,
REAR LAMP LH,파손,안됨,마모,안들어옴,충돌,불량,작동불량,고장,운행,깨짐,교체,크랙,단선,버튼,온도,,,,,,,,,,,,,,,,,
REAR LAMP RH,파손,안됨,마모,충돌,안들어옴,작동불량,불량,고장,운행,교체,멈춤,충전,깨짐,휘어짐,크랙,고무,,,,,,,,,,,,,,,,
REFRIGERATOR ASSY,누설,교체,온도,불량,고장,에러,파손,작동불량,안됨,소음,단선,운행,멈춤,,,,,,,,,,,,,,,,,,,
ROUND NEODYMIUM MAGNET,파손,교체,,,,,,,,,,,,,,,,,,,,,,,,,,,,,,
"RUBBER-HANDLE,FRONT",파손,교체,,,,,,,,,,,,,,,,,,,,,,,,,,,,,,
SENSOR-BRAKE,안됨,불량,작동불량,운행,멈춤,파손,에러,교체,마모,고장,단선,버튼,베어링,,,,,,,,,,,,,,,,,,,
SHOCK ABSORBER -FOOTHOLDER,파손,변형,교체,안됨,,,,,,,,,,,,,,,,,,,,,,,,,,,,
SHOCK ABSORBER A-FRONT,마모,교체,파손,변형,흔들림,,,,,,,,,,,,,,,,,,,,,,,,,,,
SHOCK ABSORBER A-REAR,파손,마모,변형,떨림,,,,,,,,,,,,,,,,,,,,,,,,,,,,
SHOCK ABSORBER-FOOTHOLDER,안됨,파손,변형,작동불량,누유,교체,불량,크랙,유격,소리,,,,,,,,,,,,,,,,,,,,,,
SIDE 3LED MODULE,파손,교체,,,,,,,,,,,,,,,,,,,,,,,,,,,,,,
"SIDE MIRROR ASSY,LH",파손,충돌,마모,교체,운행,휘어짐,안됨,깨짐,크랙,불량,충전,오염,누설,분실,작동불량,단선,유격,멈춤,셀,에러,,,,,,,,,,,,
"SIDE MIRROR ASSY,RH",파손,마모,충돌,교체,휘어짐,깨짐,운행,분실,크랙,변형,충전,작동불량,소음,오염,불량,안됨,베어링,고무,,,,,,,,,,,,,,
SIDE REPEATER,파손,충돌,마모,교체,작동불량,소음,불량,휘어짐,유격,고무,,,,,,,,,,,,,,,,,,,,,,
SK배터리 (H2.5),충전,운행,교체,안됨,멈춤,,,,,,,,,,,,,,,,,,,,,,,,,,,
SK충전기48V,충전,안됨,불량,작동불량,교체,파손,운행,고장,안들어옴,소음,멈춤,에러,마모,단선,온도,변형,버튼,셀,누설,,,,,,,,,,,,,
SPRING-DOOR LOCKER,파손,마모,교체,변형,분실,충돌,휘어짐,안됨,불량,운행,이탈,작동불량,크랙,소음,오염,,,,,,,,,,,,,,,,,
STABILIZER LINK A,파손,마모,유격,휘어짐,교체,소음,크랙,베어링,고무,변형,운행,안됨,누유,이탈,충돌,분실,고장,깨짐,단선,멈춤,흔들림,,,,,,,,,,,
STEERING GEAR ASSY,파손,교체,유격,마모,소음,변형,작동불량,불량,운행,고무,,,,,,,,,,,,,,,,,,,,,,
SUPPORT-DOOR CATCH,파손,마모,불량,셀,안됨,작동불량,변형,충전,분실,오염,교체,운행,멈춤,충돌,소음,고장,,,,,,,,,,,,,,,,
SWITCH A-MAIN POWER,충전,파손,안됨,작동불량,불량,멈춤,마모,운행,누설,,,,,,,,,,,,,,,,,,,,,,,
SWITCH ASSY LH,충전,파손,안됨,휘어짐,마모,교체,불량,작동불량,고장,운행,안들어옴,이탈,멈춤,에러,변형,충돌,분실,소음,유격,,,,,,,,,,,,,
SWITCH ASSY RH,불량,버튼,파손,마모,교체,안됨,멈춤,작동불량,운행,분실,소음,휘어짐,크랙,에러,,,,,,,,,,,,,,,,,,
SWITCH-EMERGENCY,파손,버튼,마모,분실,충돌,교체,운행,소음,휘어짐,멈춤,셀,누유,불량,안됨,유격,고무,충전,작동불량,고장,크랙,베어링,에러,,,,,,,,,,
SWITCH-HAZARD ,안됨,파손,불량,,,,,,,,,,,,,,,,,,,,,,,,,,,,,
SWITCH-HAZARD   ,버튼,작동불량,불량,안됨,운행,멈춤,,,,,,,,,,,,,,,,,,,,,,,,,,
SWITCH-LIMIT,불량,안됨,작동불량,파손,운행,멈춤,마모,셀,교체,고장,에러,충전,소음,단선,베어링,깨짐,누유,버튼,충돌,분실,오염,휘어짐,유격,누설,온도,,,,,,,
SWITCH-SPEED CONTROL,안됨,버튼,파손,작동불량,불량,운행,멈춤,,,,,,,,,,,,,,,,,,,,,,,,,
SWITCH-SYSTEM CHECK,안됨,파손,작동불량,불량,버튼,운행,멈춤,,,,,,,,,,,,,,,,,,,,,,,,,
TABLET PC,파손,마모,불량,,,,,,,,,,,,,,,,,,,,,,,,,,,,,
TRANSAXLE,소음,파손,교체,셀,운행,멈춤,누유,안됨,불량,마모,베어링,에러,유격,흔들림,충전,작동불량,온도,오염,누설,소리,,,,,,,,,,,,
"TS WASHER-WHEEL, FRONT",파손,불량,베어링,,,,,,,,,,,,,,,,,,,,,,,,,,,,,
TSDC배터리케이블(A/S),파손,불량,충전,작동불량,마모,안됨,안들어옴,운행,,,,,,,,,,,,,,,,,,,,,,,,
TSDC브라켓너트,파손,불량,변형,충돌,작동불량,휘어짐,충전,분실,누유,교체,셀,누설,,,,,,,,,,,,,,,,,,,,
TSDC충전선,충전,파손,분실,안됨,불량,단선,마모,작동불량,소음,교체,변형,충돌,고장,멈춤,셀,,,,,,,,,,,,,,,,,
TSDC캐노피볼트 m6,파손,,,,,,,,,,,,,,,,,,,,,,,,,,,,,,,
TSMCU(컨트롤러),불량,,,,,,,,,,,,,,,,,,,,,,,,,,,,,,,
TS감속기판,파손,변형,작동불량,불량,,,,,,,,,,,,,,,,,,,,,,,,,,,,
TS깜박이릴레이(002),소음,불량,안됨,마모,작동불량,파손,변형,충돌,고장,오염,운행,,,,,,,,,,,,,,,,,,,,,
TS너클(오),파손,마모,변형,충전,불량,작동불량,교체,휘어짐,안됨,운행,멈춤,,,,,,,,,,,,,,,,,,,,,
TS너클(왼),파손,마모,충전,소음,불량,변형,작동불량,오염,교체,휘어짐,안됨,,,,,,,,,,,,,,,,,,,,,
TS디스크,파손,소음,변형,불량,소리,마모,충돌,작동불량,누유,안됨,운행,,,,,,,,,,,,,,,,,,,,,
TS로어암,파손,변형,안됨,마모,작동불량,소음,불량,,,,,,,,,,,,,,,,,,,,,,,,,
TS로어암이너부싱,파손,마모,변형,불량,,,,,,,,,,,,,,,,,,,,,,,,,,,,
TS롱타이로드,파손,작동불량,불량,,,,,,,,,,,,,,,,,,,,,,,,,,,,,
TS리어허브-28π,파손,변형,소음,소리,누유,불량,마모,작동불량,안됨,운행,,,,,,,,,,,,,,,,,,,,,,
TS릴레이박스,안됨,충전,소음,파손,마모,작동불량,오염,불량,버튼,,,,,,,,,,,,,,,,,,,,,,,
TS메인스위치ASSY,충전,안됨,불량,파손,작동불량,운행,멈춤,마모,교체,단선,변형,소음,고장,버튼,베어링,,,,,,,,,,,,,,,,,
TS발판프레임,파손,충전,휘어짐,변형,충돌,작동불량,불량,안됨,,,,,,,,,,,,,,,,,,,,,,,,
TS백미러브라켓,소음,마모,오염,,,,,,,,,,,,,,,,,,,,,,,,,,,,,
TS볼조인트(롱),파손,마모,충전,작동불량,불량,안됨,베어링,,,,,,,,,,,,,,,,,,,,,,,,,
TS볼조인트(숏),파손,충전,작동불량,불량,변형,안됨,베어링,,,,,,,,,,,,,,,,,,,,,,,,,
TS브라켓봉,안됨,,,,,,,,,,,,,,,,,,,,,,,,,,,,,,,
TS브레이크 패드,마모,파손,소음,이탈,셀,운행,누유,안됨,베어링,멈춤,,,,,,,,,,,,,,,,,,,,,,
TS브레이크ASSY,파손,소음,누유,교체,불량,운행,멈춤,,,,,,,,,,,,,,,,,,,,,,,,,
TS숏타이로드,파손,불량,변형,작동불량,베어링,,,,,,,,,,,,,,,,,,,,,,,,,,,
TS스티어링칼럼ASSY,변형,작동불량,불량,,,,,,,,,,,,,,,,,,,,,,,,,,,,,
TS써킷10A,불량,파손,충전,작동불량,교체,안됨,운행,멈춤,마모,안들어옴,소음,단선,변형,충돌,고장,오염,휘어짐,베어링,이탈,온도,,,,,,,,,,,,
TS써킷5A,불량,파손,작동불량,마모,교체,충전,안됨,소음,충돌,오염,안들어옴,단선,베어링,운행,멈춤,,,,,,,,,,,,,,,,,
TS암우레탄부싱,파손,불량,변형,소음,마모,작동불량,교체,안됨,,,,,,,,,,,,,,,,,,,,,,,,
TS암이너부싱,파손,변형,작동불량,소음,불량,,,,,,,,,,,,,,,,,,,,,,,,,,,
TS앞범퍼브라켓ASSY,파손,휘어짐,충돌,변형,셀,마모,불량,충전,작동불량,소음,교체,온도,누유,운행,누설,,,,,,,,,,,,,,,,,
TS어퍼암,파손,충전,안됨,작동불량,소음,불량,,,,,,,,,,,,,,,,,,,,,,,,,,
TS전방쇼바,파손,마모,변형,소음,누유,운행,멈춤,,,,,,,,,,,,,,,,,,,,,,,,,
TS전자브레이크48V,소음,멈춤,운행,불량,파손,셀,교체,작동불량,충전,누유,에러,,,,,,,,,,,,,,,,,,,,,
TS컨버터,충전,작동불량,불량,안됨,,,,,,,,,,,,,,,,,,,,,,,,,,,,
TS컨택터,운행,멈춤,불량,작동불량,셀,파손,안됨,교체,마모,소음,충전,변형,고장,에러,베어링,,,,,,,,,,,,,,,,,
TS클러스터하네스,안됨,,,,,,,,,,,,,,,,,,,,,,,,,,,,,,,
TS파이프홀더,안됨,,,,,,,,,,,,,,,,,,,,,,,,,,,,,,,
TS프론트허브,파손,마모,소음,베어링,불량,충전,작동불량,안됨,변형,오염,휘어짐,이탈,,,,,,,,,,,,,,,,,,,,
TS후방쇼바,파손,소음,누유,마모,변형,작동불량,교체,불량,,,,,,,,,,,,,,,,,,,,,,,,
USB PORT,안됨,충전,파손,불량,작동불량,마모,크랙,교체,고장,단선,유격,,,,,,,,,,,,,,,,,,,,,
WHEEL CAP A,분실,파손,마모,교체,크랙,안됨,충돌,불량,작동불량,이탈,셀,변형,소음,버튼,유격,베어링,운행,에러,충전,누유,휘어짐,고무,누설,고장,깨짐,오염,늘어남,안들어옴,흔들림,,,
WIRE MESH,파손,교체,,,,,,,,,,,,,,,,,,,,,,,,,,,,,,
WIRE-EM BRAKE,파손,교체,불량,운행,이탈,마모,변형,작동불량,휘어짐,멈춤,에러,,,,,,,,,,,,,,,,,,,,,
WIRING ASSY-CLUSTER EXTN,안됨,불량,버튼,작동불량,파손,운행,멈춤,,,,,,,,,,,,,,,,,,,,,,,,,
WIRING ASSY-MODULE EXTN,파손,,,,,,,,,,,,,,,,,,,,,,,,,,,,,,,
WIRING_ASSY_FRT_LED_MODULE,파손,충전,소음,안됨,누설,,,,,,,,,,,,,,,,,,,,,,,,,,,
그릴프레임,파손,교체,셀,충돌,마모,오염,충전,안됨,변형,작동불량,불량,휘어짐,단선,운행,,,,,,,,,,,,,,,,,,
그립,파손,마모,변형,불량,안됨,셀,오염,작동불량,충전,운행,교체,소음,멈춤,고장,에러,단선,분실,휘어짐,버튼,온도,누유,누설,충돌,유격,베어링,깨짐,흔들림,늘어남,크랙,이탈,,
기계실UNIT ASSY(캐리어),파손,충전,안됨,,,,,,,,,,,,,,,,,,,,,,,,,,,,,
냉매가스충전,불량,충전,온도,교체,누설,작동불량,안됨,파손,소음,고장,운행,멈춤,변형,충돌,유격,에러,,,,,,,,,,,,,,,,
냉매누설차단,충전,불량,온도,누설,교체,작동불량,안됨,파손,고장,,,,,,,,,,,,,,,,,,,,,,,
냉장고 도어(우측),파손,셀,교체,오염,불량,마모,변형,소음,충전,안됨,누설,온도,운행,작동불량,충돌,깨짐,휘어짐,단선,멈춤,,,,,,,,,,,,,
냉장고 도어(좌측),파손,셀,오염,교체,불량,마모,변형,소음,작동불량,누설,충전,안됨,온도,운행,충돌,휘어짐,단선,멈춤,에러,,,,,,,,,,,,,
냉장고 도어(중앙),파손,셀,오염,교체,불량,마모,충전,소음,누설,안됨,변형,운행,온도,작동불량,충돌,휘어짐,멈춤,깨짐,단선,에러,,,,,,,,,,,,
냉장고 도어(측면),파손,셀,교체,불량,오염,소음,마모,작동불량,누설,충전,안됨,온도,변형,분실,휘어짐,단선,,,,,,,,,,,,,,,,
냉장고 도어경첩(180도 각도),안됨,파손,불량,작동불량,마모,셀,교체,충전,오염,소음,변형,운행,멈춤,버튼,온도,휘어짐,고장,단선,누유,에러,분실,베어링,누설,,,,,,,,,
냉장고 도어경첩(90도 각도),파손,불량,마모,작동불량,안됨,셀,누설,교체,오염,고장,충전,운행,변형,소음,휘어짐,버튼,멈춤,소리,깨짐,,,,,,,,,,,,,
냉장고 보냉재,불량,누설,작동불량,온도,안됨,파손,충전,변형,교체,멈춤,마모,유격,운행,셀,,,,,,,,,,,,,,,,,,
냉장고 센서커버,불량,파손,마모,안됨,운행,셀,교체,멈춤,,,,,,,,,,,,,,,,,,,,,,,,
냉장고 중앙분리대,파손,교체,소음,불량,,,,,,,,,,,,,,,,,,,,,,,,,,,,
냉장고 칸막이(대),파손,작동불량,불량,교체,마모,오염,분실,변형,충전,소음,안됨,버튼,셀,누설,,,,,,,,,,,,,,,,,,
냉장고 칸막이(소),파손,분실,마모,불량,셀,작동불량,오염,교체,안됨,소음,변형,충전,버튼,운행,누설,충돌,휘어짐,멈춤,온도,,,,,,,,,,,,,
냉장고 캐치,파손,안됨,분실,불량,마모,교체,작동불량,셀,충전,고장,변형,소음,오염,버튼,운행,이탈,에러,,,,,,,,,,,,,,,
냉장고 키락커(카이스/진우),파손,불량,작동불량,교체,마모,안됨,충전,오염,변형,분실,소음,셀,에러,,,,,,,,,,,,,,,,,,,
냉장고 키락커(캐리어),파손,불량,안됨,오염,셀,작동불량,교체,마모,고장,변형,충전,분실,소음,휘어짐,운행,온도,단선,멈춤,에러,누설,충돌,유격,,,,,,,,,,
냉장고 힌지 ABS,파손,셀,오염,교체,불량,안됨,변형,마모,충전,소음,분실,작동불량,운행,멈춤,에러,누설,온도,,,,,,,,,,,,,,,
냉장고 힌지 LEG,파손,불량,변형,소음,교체,작동불량,오염,,,,,,,,,,,,,,,,,,,,,,,,,
너클 (오),파손,교체,불량,변형,작동불량,소음,휘어짐,온도,,,,,,,,,,,,,,,,,,,,,,,,
너클 (왼),파손,교체,불량,휘어짐,안됨,고무,온도,,,,,,,,,,,,,,,,,,,,,,,,,
노후탈거 14 WHEEL&TIRE A,마모,교체,크랙,,,,,,,,,,,,,,,,,,,,,,,,,,,,,
노후탈거 BALL JOINT A-LOWER,교체,,,,,,,,,,,,,,,,,,,,,,,,,,,,,,,
"노후탈거 BARRIER-REFRIGERATOR,MID",파손,,,,,,,,,,,,,,,,,,,,,,,,,,,,,,,
"노후탈거 CONTROL ARM A,LH-FRONT",교체,,,,,,,,,,,,,,,,,,,,,,,,,,,,,,,
"노후탈거 CONTROL ARM A,RH-FRONT",교체,,,,,,,,,,,,,,,,,,,,,,,,,,,,,,,
노후탈거 CONTROL UNIT ASSY,작동불량,불량,,,,,,,,,,,,,,,,,,,,,,,,,,,,,,
노후탈거 DC콘트롤러 - 브이씨텍,파손,충전,고장,,,,,,,,,,,,,,,,,,,,,,,,,,,,,
노후탈거 DISPLAY ASSY,작동불량,불량,,,,,,,,,,,,,,,,,,,,,,,,,,,,,,
"노후탈거 DOOR-REFRIGERATOR,SIDE LH",파손,,,,,,,,,,,,,,,,,,,,,,,,,,,,,,,
"노후탈거 DOOR-REFRIGERATOR,SIDE RH",마모,,,,,,,,,,,,,,,,,,,,,,,,,,,,,,,
"노후탈거 DRAWER-REFRIGERATOR,LH",파손,,,,,,,,,,,,,,,,,,,,,,,,,,,,,,,
"노후탈거 DRAWER-REFRIGERATOR,RH",파손,마모,충돌,,,,,,,,,,,,,,,,,,,,,,,,,,,,,
"노후탈거 DRIVESHAFT ASSY, LH",고무,파손,마모,누유,유격,교체,베어링,소음,이탈,충전,크랙,운행,휘어짐,,,,,,,,,,,,,,,,,,,
"노후탈거 DRIVESHAFT ASSY, RH",고무,누유,파손,유격,이탈,마모,베어링,교체,운행,소음,크랙,충전,안됨,멈춤,휘어짐,버튼,변형,,,,,,,,,,,,,,,
노후탈거 ELECTRONIC UNIT-COMPRESSOR DRIVER,불량,안됨,온도,작동불량,고장,교체,마모,멈춤,,,,,,,,,,,,,,,,,,,,,,,,
노후탈거 FAN모터하네스(진우/캐리어),작동불량,불량,,,,,,,,,,,,,,,,,,,,,,,,,,,,,,
노후탈거 FRAME-LOWER A,교체,파손,,,,,,,,,,,,,,,,,,,,,,,,,,,,,,
노후탈거 FRAME-TOP A,교체,파손,휘어짐,,,,,,,,,,,,,,,,,,,,,,,,,,,,,
노후탈거 FRAME-TRANSAXLE A,파손,변형,교체,마모,소음,운행,충돌,휘어짐,단선,,,,,,,,,,,,,,,,,,,,,,,
노후탈거 FRT LED MODULE LH,파손,작동불량,교체,불량,에러,,,,,,,,,,,,,,,,,,,,,,,,,,,
노후탈거 FRT LED MODULE RH,파손,교체,에러,,,,,,,,,,,,,,,,,,,,,,,,,,,,,
노후탈거 HYDC감속기-28π,작동불량,불량,소음,교체,셀,,,,,,,,,,,,,,,,,,,,,,,,,,,
노후탈거 HYDC마그넷컨택터,불량,작동불량,운행,멈춤,파손,안됨,소음,교체,셀,에러,소리,,,,,,,,,,,,,,,,,,,,,
노후탈거 HY너클(오),파손,마모,,,,,,,,,,,,,,,,,,,,,,,,,,,,,,
노후탈거 HY메인스위치ASSY,충전,파손,안됨,불량,버튼,교체,셀,작동불량,소음,마모,운행,멈춤,고장,변형,휘어짐,단선,누설,분실,에러,충돌,오염,온도,,,,,,,,,,
노후탈거 HY콘트롤러,운행,멈춤,에러,불량,안됨,교체,작동불량,셀,충전,소음,고장,변형,안들어옴,온도,,,,,,,,,,,,,,,,,,
노후탈거 MOTOR ASSY,소음,교체,멈춤,파손,운행,온도,,,,,,,,,,,,,,,,,,,,,,,,,,
노후탈거 MTR CONTROLLER,파손,고장,베어링,운행,에러,,,,,,,,,,,,,,,,,,,,,,,,,,,
노후탈거 PCB ASSY-MAIN,불량,작동불량,온도,안됨,교체,에러,마모,파손,충전,안들어옴,변형,,,,,,,,,,,,,,,,,,,,,
노후탈거 POWER UNIT ASSY,소음,교체,,,,,,,,,,,,,,,,,,,,,,,,,,,,,,
"노후탈거 RAIL ASSY-DRAWER,LH",파손,충돌,마모,운행,크랙,작동불량,불량,휘어짐,안됨,유격,변형,충전,소음,깨짐,교체,멈춤,셀,에러,고무,,,,,,,,,,,,,
"노후탈거 RAIL ASSY-DRAWER,RH",파손,충돌,마모,운행,크랙,작동불량,불량,휘어짐,안됨,유격,충전,분실,소음,고장,깨짐,교체,멈춤,셀,고무,,,,,,,,,,,,,
노후탈거 REAR LAMP LH,파손,마모,충전,작동불량,교체,불량,,,,,,,,,,,,,,,,,,,,,,,,,,
노후탈거 REAR LAMP RH,파손,마모,,,,,,,,,,,,,,,,,,,,,,,,,,,,,,
노후탈거 SK배터리,안됨,충전,운행,셀,교체,불량,멈춤,작동불량,소음,안들어옴,고장,파손,에러,누설,마모,베어링,,,,,,,,,,,,,,,,
노후탈거 SK충전기48V,충전,안됨,불량,교체,운행,작동불량,파손,안들어옴,멈춤,온도,소음,고장,,,,,,,,,,,,,,,,,,,,
노후탈거 STABILIZER LINK A,교체,,,,,,,,,,,,,,,,,,,,,,,,,,,,,,,
노후탈거 STEERING GEAR ASSY,교체,흔들림,,,,,,,,,,,,,,,,,,,,,,,,,,,,,,
노후탈거 SWITCH ASSY LH,파손,충전,마모,불량,안됨,작동불량,휘어짐,,,,,,,,,,,,,,,,,,,,,,,,,
노후탈거 냉장고 도어(우측),파손,셀,불량,오염,교체,변형,작동불량,누설,유격,마모,운행,에러,충돌,충전,고장,깨짐,안됨,멈춤,온도,,,,,,,,,,,,,
노후탈거 냉장고 도어(좌측),파손,셀,오염,불량,변형,교체,작동불량,안됨,마모,충전,유격,고장,운행,멈춤,에러,,,,,,,,,,,,,,,,,
노후탈거 냉장고 도어(중앙),파손,셀,오염,변형,교체,불량,마모,작동불량,유격,고장,안됨,운행,멈춤,에러,,,,,,,,,,,,,,,,,,
노후탈거 냉장고 도어(측면),파손,셀,오염,불량,마모,교체,변형,충전,작동불량,고장,깨짐,안됨,베어링,에러,누설,,,,,,,,,,,,,,,,,
노후탈거 냉장고 도어경첩(180도 각도),안됨,작동불량,불량,운행,파손,멈춤,오염,누설,변형,,,,,,,,,,,,,,,,,,,,,,,
노후탈거 냉장고 키락커(캐리어),파손,불량,셀,작동불량,고장,안됨,마모,누설,변형,충전,소음,오염,교체,온도,깨짐,단선,,,,,,,,,,,,,,,,
노후탈거 디스플레이 PCB(진우/캐리어),온도,불량,파손,작동불량,고장,버튼,안됨,에러,,,,,,,,,,,,,,,,,,,,,,,,
노후탈거 메인 PCB(진우/캐리어),불량,온도,작동불량,파손,고장,교체,안됨,안들어옴,멈춤,셀,누설,,,,,,,,,,,,,,,,,,,,,
노후탈거 모터,소음,파손,안됨,멈춤,변형,교체,베어링,운행,셀,에러,,,,,,,,,,,,,,,,,,,,,,
노후탈거 미드커버자석,누설,파손,불량,,,,,,,,,,,,,,,,,,,,,,,,,,,,,
노후탈거 서브드라이버PCB(250),작동불량,불량,안들어옴,,,,,,,,,,,,,,,,,,,,,,,,,,,,,
노후탈거 서브드라이버PCB(350),불량,작동불량,소음,교체,누설,,,,,,,,,,,,,,,,,,,,,,,,,,,
노후탈거 스마트바퀴,마모,파손,소음,불량,셀,안됨,운행,충전,교체,작동불량,변형,멈춤,베어링,휘어짐,에러,고장,누유,온도,충돌,깨짐,오염,안들어옴,누설,분실,단선,,,,,,,
"노후탈거 실리콘패킹-개선형(1,660mm/우측도어)",셀,오염,파손,누설,마모,작동불량,불량,휘어짐,안됨,,,,,,,,,,,,,,,,,,,,,,,
"노후탈거 실리콘패킹-개선형(1,710mm/좌,중,측면도어)",파손,셀,오염,안됨,누설,마모,작동불량,불량,휘어짐,,,,,,,,,,,,,,,,,,,,,,,
노후탈거 전조등(오),파손,안됨,불량,충돌,작동불량,마모,충전,교체,휘어짐,멈춤,셀,고장,깨짐,오염,유격,운행,누설,,,,,,,,,,,,,,,
노후탈거 전조등(왼),파손,불량,안됨,충돌,작동불량,마모,고장,교체,충전,안들어옴,셀,오염,휘어짐,버튼,유격,운행,멈춤,에러,,,,,,,,,,,,,,
노후탈거 진우냉장고(REV1),누설,불량,온도,교체,작동불량,안됨,파손,셀,운행,멈춤,,,,,,,,,,,,,,,,,,,,,,
노후탈거 캐노피브라켓(상),파손,교체,,,,,,,,,,,,,,,,,,,,,,,,,,,,,,
노후탈거 캐리어냉장고,누설,교체,불량,작동불량,안됨,온도,누유,,,,,,,,,,,,,,,,,,,,,,,,,
노후탈거 콘덴샤(응축기)_카이스,누설,,,,,,,,,,,,,,,,,,,,,,,,,,,,,,,
노후탈거 클러스터,교체,,,,,,,,,,,,,,,,,,,,,,,,,,,,,,,
대쉬보드,파손,교체,충전,소음,불량,온도,마모,,,,,,,,,,,,,,,,,,,,,,,,,
뒷바퀴와셔,소음,파손,교체,셀,운행,멈춤,누유,안됨,마모,불량,작동불량,에러,변형,베어링,흔들림,충전,분실,오염,유격,온도,휘어짐,버튼,누설,소리,,,,,,,,
드라이어,교체,충전,불량,안됨,파손,작동불량,누설,온도,마모,유격,멈춤,에러,고무,,,,,,,,,,,,,,,,,,,
디스플레이 PCB,불량,온도,작동불량,안됨,버튼,파손,교체,고장,에러,충전,마모,셀,깨짐,안들어옴,휘어짐,누설,오염,단선,운행,멈춤,,,,,,,,,,,,
디스플레이 명판,불량,온도,작동불량,안됨,버튼,파손,고장,교체,에러,충전,마모,안들어옴,셀,오염,휘어짐,누설,깨짐,단선,운행,멈춤,,,,,,,,,,,,
디스플레이 커버,온도,불량,작동불량,안됨,파손,버튼,고장,에러,충전,교체,깨짐,셀,마모,휘어짐,오염,안들어옴,누설,,,,,,,,,,,,,,,
라디그릴,파손,교체,셀,마모,충돌,오염,충전,변형,작동불량,불량,휘어짐,단선,운행,,,,,,,,,,,,,,,,,,,
리어로커버,파손,불량,셀,분실,소음,안됨,누설,온도,,,,,,,,,,,,,,,,,,,,,,,,
리어센터커버,파손,충전,소음,교체,셀,마모,작동불량,불량,안됨,단선,,,,,,,,,,,,,,,,,,,,,,
리어슬라이드콘솔,파손,셀,교체,충전,마모,오염,안됨,작동불량,소음,불량,에러,,,,,,,,,,,,,,,,,,,,,
리어이너커버,파손,마모,소음,교체,셀,충전,불량,안됨,작동불량,휘어짐,에러,변형,깨짐,오염,늘어남,유격,베어링,,,,,,,,,,,,,,,
리어이너콘솔,파손,교체,운행,멈춤,충전,온도,,,,,,,,,,,,,,,,,,,,,,,,,,
마그네틱판,파손,셀,소음,마모,충전,불량,안됨,작동불량,교체,변형,오염,늘어남,휘어짐,유격,베어링,에러,,,,,,,,,,,,,,,,
멀티,안됨,불량,파손,마모,작동불량,안들어옴,셀,고장,버튼,,,,,,,,,,,,,,,,,,,,,,,
메인 PCB,온도,불량,작동불량,안됨,파손,교체,에러,충전,고장,안들어옴,마모,운행,버튼,멈춤,누설,휘어짐,오염,단선,셀,,,,,,,,,,,,,
모듈,파손,불량,작동불량,안됨,고장,안들어옴,멈춤,마모,충전,운행,단선,변형,소음,누유,깨짐,오염,교체,휘어짐,버튼,셀,에러,온도,,,,,,,,,,
모세관,충전,교체,불량,파손,안됨,작동불량,멈춤,운행,마모,누설,셀,분실,유격,고무,온도,,,,,,,,,,,,,,,,,
모터브라켓,파손,소음,안됨,,,,,,,,,,,,,,,,,,,,,,,,,,,,,
모터엔코더,멈춤,운행,불량,작동불량,에러,파손,교체,셀,안됨,단선,마모,충전,고장,변형,오염,휘어짐,버튼,온도,,,,,,,,,,,,,,
모터케이블,불량,,,,,,,,,,,,,,,,,,,,,,,,,,,,,,,
몰딩(오),파손,교체,충돌,마모,셀,소음,오염,안됨,충전,불량,작동불량,고장,버튼,운행,,,,,,,,,,,,,,,,,,
몰딩(왼),파손,충돌,소음,교체,불량,셀,마모,작동불량,오염,안됨,버튼,운행,멈춤,에러,,,,,,,,,,,,,,,,,,
미드커버자석,셀,파손,마모,안됨,소음,불량,분실,크랙,누유,베어링,운행,충돌,충전,작동불량,교체,에러,단선,고장,깨짐,휘어짐,유격,고무,변형,오염,멈춤,온도,,,,,,
미들 샤프트,파손,안됨,교체,작동불량,불량,유격,소음,,,,,,,,,,,,,,,,,,,,,,,,,
미들 샤프트 브라켓,교체,,,,,,,,,,,,,,,,,,,,,,,,,,,,,,,
미러브라켓,파손,변형,마모,불량,작동불량,교체,운행,멈춤,오염,휘어짐,안됨,셀,,,,,,,,,,,,,,,,,,,,
발판매트,파손,마모,불량,안됨,셀,소음,작동불량,오염,변형,교체,충전,휘어짐,운행,멈춤,충돌,분실,온도,고장,버튼,누유,베어링,깨짐,에러,누설,,,,,,,,
발판시트1,파손,변형,마모,불량,안됨,운행,작동불량,소음,멈춤,충돌,충전,휘어짐,,,,,,,,,,,,,,,,,,,,
발판시트2,파손,마모,불량,변형,운행,충전,작동불량,소음,안됨,멈춤,충돌,휘어짐,,,,,,,,,,,,,,,,,,,,
발판커버(상),파손,휘어짐,마모,충돌,셀,작동불량,소음,불량,변형,교체,안됨,운행,멈춤,,,,,,,,,,,,,,,,,,,
발판커버(하),파손,휘어짐,마모,충돌,셀,작동불량,소음,불량,변형,교체,안됨,운행,멈춤,,,,,,,,,,,,,,,,,,,
보드커버(오),파손,안됨,마모,분실,불량,교체,충전,셀,작동불량,소음,변형,오염,운행,멈춤,고장,온도,이탈,휘어짐,단선,에러,충돌,누유,버튼,누설,깨짐,유격,베어링,,,,,
보드커버(왼),파손,안됨,마모,분실,교체,불량,충전,셀,작동불량,변형,소음,오염,멈춤,운행,온도,휘어짐,단선,고장,이탈,버튼,누유,안들어옴,충돌,깨짐,유격,베어링,에러,누설,,,,
보드콘솔(오),파손,교체,충전,소음,불량,운행,멈춤,에러,,,,,,,,,,,,,,,,,,,,,,,,
보드콘솔(왼),파손,교체,불량,마모,소음,셀,충전,운행,멈춤,변형,충돌,깨짐,휘어짐,에러,,,,,,,,,,,,,,,,,,
볼조인트,파손,마모,셀,불량,작동불량,소음,교체,안됨,운행,휘어짐,충전,변형,멈춤,베어링,이탈,에러,누유,고무,오염,유격,누설,분실,고장,늘어남,단선,버튼,,,,,,
볼캐치,파손,교체,,,,,,,,,,,,,,,,,,,,,,,,,,,,,,
비상스위치,파손,불량,작동불량,운행,멈춤,안됨,마모,셀,교체,소음,버튼,충전,단선,에러,변형,충돌,분실,고장,휘어짐,온도,,,,,,,,,,,,
사이드로커버(오),파손,셀,오염,충전,안됨,소음,고장,교체,,,,,,,,,,,,,,,,,,,,,,,,
사이드로커버(왼),파손,오염,교체,충돌,불량,셀,작동불량,안됨,운행,멈춤,에러,,,,,,,,,,,,,,,,,,,,,
사이드미러,파손,교체,마모,셀,충돌,불량,분실,안됨,작동불량,오염,충전,소음,변형,운행,깨짐,멈춤,누설,휘어짐,단선,버튼,유격,베어링,,,,,,,,,,
사이드센터커버(오),파손,셀,교체,오염,불량,소음,마모,충전,에러,변형,휘어짐,안됨,,,,,,,,,,,,,,,,,,,,
사이드센터커버(왼),파손,셀,오염,교체,불량,충전,소음,충돌,마모,작동불량,변형,안됨,운행,고장,멈춤,에러,,,,,,,,,,,,,,,,
사이드탑커버(오),파손,셀,오염,교체,불량,마모,충돌,충전,소음,누설,변형,안됨,,,,,,,,,,,,,,,,,,,,
사이드탑커버(왼),파손,셀,불량,교체,오염,마모,충돌,작동불량,충전,소음,변형,안됨,버튼,누설,휘어짐,유격,운행,,,,,,,,,,,,,,,
서브드라이버PCB,불량,작동불량,안됨,파손,교체,마모,고장,운행,멈춤,에러,온도,,,,,,,,,,,,,,,,,,,,,
솔레노이드밸브(카이스),불량,온도,작동불량,안됨,누설,,,,,,,,,,,,,,,,,,,,,,,,,,,
스마트바퀴,마모,파손,셀,교체,소음,불량,충전,운행,안됨,변형,멈춤,작동불량,베어링,휘어짐,온도,에러,누유,크랙,깨짐,버튼,유격,이탈,고장,분실,단선,흔들림,오염,늘어남,고무,누설,,
스티어링 기어 A,파손,,,,,,,,,,,,,,,,,,,,,,,,,,,,,,,
스티어링 컬럼 A,소음,유격,불량,,,,,,,,,,,,,,,,,,,,,,,,,,,,,
슬라이드,파손,셀,불량,충전,마모,작동불량,안됨,운행,멈춤,교체,변형,고장,오염,휘어짐,버튼,유격,에러,,,,,,,,,,,,,,,
"실리콘패킹-개선형(1,660mm/우측도어)",파손,오염,불량,교체,셀,마모,소음,변형,작동불량,안됨,온도,충전,누설,운행,멈춤,분실,에러,누유,깨짐,휘어짐,충돌,고장,버튼,유격,베어링,흔들림,,,,,,
"실리콘패킹-개선형(1,710mm/좌,중,측면도어)",파손,오염,불량,교체,셀,마모,작동불량,소음,안됨,변형,온도,충전,누설,운행,멈춤,분실,에러,누유,깨짐,휘어짐,충돌,버튼,고장,늘어남,유격,베어링,흔들림,,,,,
알앤디스위치,안됨,불량,작동불량,파손,버튼,마모,운행,멈춤,교체,고장,충전,셀,소음,에러,유격,크랙,분실,누유,휘어짐,베어링,온도,변형,충돌,이탈,깨짐,단선,누설,흔들림,,,,
앞바퀴와셔,파손,마모,소음,베어링,충전,안됨,운행,멈춤,셀,교체,불량,휘어짐,변형,누유,분실,고장,이탈,고무,,,,,,,,,,,,,,
앞범퍼,파손,충돌,마모,교체,셀,소음,불량,안됨,작동불량,변형,오염,충전,운행,누유,고장,깨짐,휘어짐,이탈,멈춤,온도,,,,,,,,,,,,
어퍼암(오),휘어짐,소음,파손,누유,교체,,,,,,,,,,,,,,,,,,,,,,,,,,,
엑셀,셀,불량,작동불량,운행,안됨,멈춤,파손,교체,에러,단선,마모,충전,고장,소음,온도,버튼,누유,휘어짐,변형,충돌,누설,흔들림,소리,,,,,,,,,
엑셀스프링,셀,파손,마모,불량,교체,안됨,작동불량,소음,운행,충전,누유,크랙,멈춤,유격,고무,분실,오염,버튼,이탈,에러,충돌,고장,깨짐,휘어짐,단선,베어링,누설,,,,,
온도센서 상칸(공용),온도,파손,안됨,불량,마모,고장,에러,작동불량,소음,교체,,,,,,,,,,,,,,,,,,,,,,
온도센서 하칸(공용),파손,안됨,온도,불량,마모,소음,고장,휘어짐,,,,,,,,,,,,,,,,,,,,,,,,
와이어메쉬,파손,셀,불량,작동불량,교체,안됨,누설,마모,오염,분실,운행,소음,변형,충돌,충전,고장,휘어짐,단선,버튼,멈춤,,,,,,,,,,,,
외기온도센서(카이스),온도,불량,작동불량,안됨,파손,교체,고장,마모,휘어짐,에러,누설,,,,,,,,,,,,,,,,,,,,,
응축기청소,누설,불량,작동불량,온도,파손,충전,안됨,에러,,,,,,,,,,,,,,,,,,,,,,,,
인터미디어트 샤프트 A,교체,,,,,,,,,,,,,,,,,,,,,,,,,,,,,,,
전원케이블,불량,파손,작동불량,안됨,온도,교체,안들어옴,충전,고장,운행,셀,멈춤,에러,단선,오염,버튼,깨짐,휘어짐,누설,,,,,,,,,,,,,
전자크락션,교체,오염,파손,소음,,,,,,,,,,,,,,,,,,,,,,,,,,,,
전조등(오),파손,불량,마모,작동불량,안됨,충돌,고장,운행,멈춤,에러,,,,,,,,,,,,,,,,,,,,,,
전조등(왼),파손,안됨,고장,셀,에러,,,,,,,,,,,,,,,,,,,,,,,,,,,
진우냉장고(REV1),교체,,,,,,,,,,,,,,,,,,,,,,,,,,,,,,,
캐노피고무,파손,변형,마모,소음,불량,운행,멈춤,분실,안됨,셀,고무,,,,,,,,,,,,,,,,,,,,,
캐노피바,파손,셀,변형,소음,교체,불량,휘어짐,운행,멈춤,,,,,,,,,,,,,,,,,,,,,,,
캐노피브라켓(상),파손,마모,안됨,변형,소음,불량,셀,작동불량,교체,휘어짐,,,,,,,,,,,,,,,,,,,,,,
캐노피브라켓(하),파손,소음,운행,멈춤,셀,마모,변형,분실,오염,교체,휘어짐,안됨,,,,,,,,,,,,,,,,,,,,
커플링,소음,파손,셀,교체,운행,멈춤,누유,불량,마모,안됨,에러,작동불량,베어링,흔들림,온도,충전,소리,변형,오염,유격,누설,,,,,,,,,,,
컨트롤 로어암 (오),파손,교체,,,,,,,,,,,,,,,,,,,,,,,,,,,,,,
컨트롤 로어암 (왼),파손,교체,안됨,,,,,,,,,,,,,,,,,,,,,,,,,,,,,
컨트롤 어퍼암 (오),파손,교체,휘어짐,충돌,,,,,,,,,,,,,,,,,,,,,,,,,,,,
컨트롤 어퍼암 (왼),교체,휘어짐,,,,,,,,,,,,,,,,,,,,,,,,,,,,,,
콘덴샤 FAN(진우/캐리어),파손,안됨,소음,에러,불량,마모,작동불량,교체,누설,,,,,,,,,,,,,,,,,,,,,,,
콘덴샤FAN(카이스),불량,파손,작동불량,소음,안됨,온도,,,,,,,,,,,,,,,,,,,,,,,,,,
콤프레샤(BD250),안됨,불량,작동불량,교체,파손,마모,누설,온도,,,,,,,,,,,,,,,,,,,,,,,,
클러스터,파손,불량,안됨,버튼,단선,충전,셀,작동불량,교체,운행,멈춤,오염,고장,온도,마모,변형,에러,소음,깨짐,안들어옴,,,,,,,,,,,,
키락커셋,파손,안됨,불량,셀,마모,분실,작동불량,교체,충전,소음,오염,고장,휘어짐,단선,운행,누유,깨짐,늘어남,버튼,베어링,멈춤,온도,,,,,,,,,,
평철,파손,,,,,,,,,,,,,,,,,,,,,,,,,,,,,,,
프론트가드,파손,셀,교체,충돌,휘어짐,마모,소음,오염,불량,안됨,변형,운행,충전,작동불량,온도,멈춤,누유,고장,버튼,누설,깨짐,에러,,,,,,,,,,
프론트센터커버,파손,셀,교체,충돌,마모,불량,오염,소음,안됨,운행,작동불량,깨짐,온도,충전,변형,휘어짐,단선,분실,누유,고장,멈춤,에러,누설,,,,,,,,,
프론트탑커버,파손,충돌,교체,셀,불량,마모,오염,안됨,소음,운행,충전,깨짐,누설,작동불량,멈춤,단선,버튼,변형,분실,에러,온도,,,,,,,,,,,
플러그홀(블랙),파손,마모,불량,운행,멈춤,변형,분실,교체,에러,누설,작동불량,소음,누유,고장,,,,,,,,,,,,,,,,,,
플러그홀(아이보리),파손,마모,운행,멈춤,불량,분실,교체,에러,누설,작동불량,누유,고장,안됨,베어링,셀,,,,,,,,,,,,,,,,,
핸들바,파손,,,,,,,,,,,,,,,,,,,,,,,,,,,,,,,
핸들커버(뒤),파손,충전,안됨,교체,소음,불량,작동불량,운행,오염,단선,유격,멈춤,셀,에러,누설,,,,,,,,,,,,,,,,,
핸들커버(앞),파손,충전,안됨,소음,교체,작동불량,불량,운행,단선,유격,멈춤,셀,에러,,,,,,,,,,,,,,,,,,,
환기 FAN(카이스),불량,작동불량,안됨,파손,온도,교체,에러,누설,,,,,,,,,,,,,,,,,,,,,,,,
회전방지링,파손,불량,마모,멈춤,작동불량,안됨,운행,셀,교체,소음,버튼,고장,변형,충돌,휘어짐,에러,온도,,,,,,,,,,,,,,,
후미등(오),파손,불량,작동불량,교체,충전,안됨,누설,,,,,,,,,,,,,,,,,,,,,,,,,
후미등(왼),파손,작동불량,불량,마모,,,,,,,,,,,,,,,,,,,,,,,,,,,,
휴즈10A(진우/캐리어),파손,불량,안됨,작동불량,고장,교체,운행,멈춤,안들어옴,셀,온도,마모,단선,에러,충전,버튼,누설,,,,,,,,,,,,,,,
흑각,파손,,,,,,,,,,,,,,,,,,,,,,,,,,,,,,,
힌지,파손,불량,마모,작동불량,셀,충전,안됨,소음,분실,변형,오염,교체,운행,멈춤,에러,깨짐,휘어짐,베어링,온도,,,,,,,,,,,,,
