1.부품명 보정,2.실증상(대표),3.키워드1,4.키워드2,5.키워드3,6.키워드4,7.키워드5,8.키워드6,9.키워드7,10.키워드8,11.키워드9,12.키워드10,13.키워드11,14.키워드12,15.키워드13,16.키워드14,17.키워드15
14 WHEEL&TIRE A,14 WHEEL & TIRE A(R) 앞바퀴마모 주행거리7011 외관파손,마모(8502),크랙(1200),파손(481),교체(376),유격(167),소음(156),베어링(119),고무(95),누유(74),흔들림(62),운행(57),깨짐(38),안됨(36),불량(32),이탈(25)
"250,SLIDE RAIL-UPPER","RAIL ASSY-DRAWER,LH 파손",파손(102),마모(8),교체(4),충돌(3),소음(1),고장(1),깨짐(1),크랙(1),충격(1),훼손(1),,,,,
"300,SLIDE RAIL-UPPER","CONSOLE-SLIDER BOX,SIDE A 파손",파손(2290),충돌(240),마모(176),교체(63),충격(53),운행(46),크랙(21),휘어짐(20),안됨(12),불량(11),소음(7),셀(7),에러(7),작동불량(6),깨짐(6)
3PIN 하네스(카이스),스마트바퀴 마모,불량(12),작동불량(9),온도(9),파손(3),교체(3),안됨(3),마모(2),고장(2),휘어짐(1),에러(1),누설(1),,,,
3WAY 밸브(진우/캐리어),콤프레샤(BD250)_콤프작동 불능으로 인한 교체,안됨(6),파손(3),불량(3),작동불량(2),교체(1),누설(1),,,,,,,,,
5핀릴레이,SWITCH-LIMIT (커넥터) 고장,불량(134),작동불량(94),안됨(91),운행(80),멈춤(65),파손(40),셀(32),교체(17),고장(16),에러(16),접촉(15),마모(10),충전(10),소음(8),누유(3)
ACCELERATOR ASSY,REAR LAMP RH 파손,교체(215),셀(58),운행(47),멈춤(45),파손(34),불량(30),안됨(24),작동불량(17),마모(6),고장(6),단선(6),에러(6),크랙(4),분실(3),베어링(3)
ADVERTISEMENT BOARD A,ADVERTISEMENT BOARD A 더미분실,분실(6),파손(5),마모(3),교체(1),,,,,,,,,,,
BALL JOINT A-LOWER,STABILIZER LINK A 부식으로 인해 리어얼라인먼트 조절 안됨,마모(229),파손(80),유격(75),흔들림(51),교체(32),크랙(21),휘어짐(15),베어링(14),고무(10),소음(9),안됨(8),운행(8),누유(4),이탈(4),진동(3)
BAR-DOOR LOCKER,BAR-DOOR LOCKER 파손,파손(1174),마모(81),교체(30),충격(29),충돌(11),안됨(8),분실(7),불량(7),운행(7),작동불량(5),크랙(5),충전(4),에러(3),변형(2),소음(2)
BARRIER-REFRIGERATOR,"KNUCKLE ASSY,RH-REAR 토탈케어",파손(62),분실(18),마모(7),충돌(3),오염(3),작동불량(2),불량(2),안됨(2),운행(2),소음(1),누유(1),교체(1),휘어짐(1),크랙(1),버튼(1)
"BARRIER-REFRIGERATOR,MID","BARRIER-REFRIGERATOR,MID 파손",파손(52),분실(3),오염(3),마모(2),충돌(1),소음(1),누유(1),교체(1),크랙(1),유격(1),운행(1),멈춤(1),탈락(1),진동(1),충격(1)
BATTERY CABLE,BATTERY CABLE SK에서 베터리 점검중 파손 12월,파손(1),,,,,,,,,,,,,,
BATTERY PACK ASSY (H3.0/H3.5),"BATTERY PACK ASSY (111Ah) BM50, MO58, 완충안됨, 운행 중 코코운행불가",운행(332),에러(255),셀(167),충전(160),멈춤(122),안됨(120),교체(68),불량(56),작동불량(40),마모(35),크랙(6),파손(4),안들어옴(3),고장(2),온도(2)
BCM,BCM 작동불량 ,안됨(26),불량(8),작동불량(5),운행(5),에러(5),마모(4),교체(4),안들어옴(3),멈춤(3),셀(1),,,,,
BEARING EM BRAKE,"RAIL ASSY-DRAWER,LH파손",파손(10),이탈(2),고무(2),변형(1),누유(1),휘어짐(1),,,,,,,,,
"BOLT-SHAFT,M8X1.25",STEERING GEAR ASSY 파손 ,파손(1),작동불량(1),교체(1),불량(1),유격(1),,,,,,,,,,
BRAKE LEVER ASSY,BRAKE LEVER ASSY 리턴안됨,파손(43),불량(39),안됨(32),마모(13),작동불량(7),운행(6),누유(5),멈춤(4),셀(4),소음(3),교체(3),충돌(2),베어링(2),충격(2),고장(1)
"BRKT-MOTOR ASSY,LH","PANEL-LOWER COVER,REAR RH_외장파손으로인한 교체",파손(3),변형(2),교체(1),불량(1),고무(1),,,,,,,,,,
"BRKT-MOTOR ASSY,RH",변형,파손(2),이탈(2),변형(1),,,,,,,,,,,,
BRKT-REFRIGERATOR,"CONSOLE-SLIDER BOX,SIDE A_사고카트 12월",교체(1),누설(1),,,,,,,,,,,,,
BRKT-STABILIZER A MTG,BRKT-STABILIZER A MTG,파손(197),교체(32),마모(25),유격(19),휘어짐(16),변형(12),고무(12),운행(8),크랙(6),충격(4),소음(3),진동(3),충돌(2),충전(2),누유(2)
BRKT-WINDOW HOLDING,BRKT-WINDOW HOLDING 보강,파손(110),충돌(17),마모(7),분실(5),깨짐(4),충격(4),교체(3),변형(2),소음(2),크랙(2),유격(2),작동불량(1),불량(1),운행(1),흔들림(1)
"CALIPER ASSY,LH","KNUCKLE ASSY,LH-REAR 파손",마모(2),교체(2),파손(1),,,,,,,,,,,,
"CALIPER ASSY,RH",CALIPER ASSY RH 뒷바퀴 휠 파손으로 캘리퍼 갈림,파손(8),교체(3),마모(2),크랙(1),단선(1),진동(1),,,,,,,,,
CANOPY CENTER BODY,CANOPY ROOF_ASSY,파손(1853),충돌(595),마모(87),충격(79),운행(74),휘어짐(69),교체(33),꺾임(25),크랙(16),흔들림(14),불량(9),연결(9),소음(6),안됨(5),변형(4)
CANOPY LH_SIDE_BODY ASSY,CANOPY ROOF_ASSY 파손,파손(2030),충돌(677),마모(99),충격(90),휘어짐(82),운행(76),교체(35),꺾임(28),크랙(17),흔들림(14),연결(11),불량(9),안됨(7),소음(6),변형(4)
CANOPY PC PLATE,"14 WHEEL & TIRE A(R) 뒷바퀴크랙 주행거리3733
외관파손",파손(2445),충돌(640),마모(171),충격(101),운행(79),휘어짐(66),교체(46),깨짐(28),꺾임(27),크랙(25),흔들림(15),불량(14),안됨(14),연결(13),오염(12)
CANOPY RH_SIDE_BODY ASSY,CANOPY ROOF_ASSY 파손,파손(2030),충돌(677),마모(99),충격(90),휘어짐(82),운행(76),교체(35),꺾임(28),크랙(17),흔들림(14),연결(11),불량(9),안됨(7),소음(6),변형(4)
CANOPY ROOF_ASSY,CANOPY ROOF_ASSY 파손,파손(2030),충돌(658),마모(98),충격(81),운행(80),휘어짐(66),교체(33),꺾임(26),크랙(18),흔들림(14),불량(8),연결(7),소음(6),안됨(6),변형(4)
CANOPY SIDE_BRACKET,CANOPY SIDE_BRACKET,파손(125),마모(10),충돌(5),충격(5),크랙(3),소음(2),교체(2),유격(2),충전(1),분실(1),휘어짐(1),안됨(1),운행(1),,
CANOPY-HOLDER,CANOPY-HOLDER 토탈케어,파손(727),충돌(89),마모(87),교체(27),운행(26),휘어짐(22),충격(21),크랙(17),꺾임(14),누설(11),유격(9),불량(8),흔들림(8),소음(7),변형(4)
CAP-COCO YELLOW,"RAIL ASSY-DRAWER,LH파손",파손(25),교체(15),분실(12),충전(4),불량(4),온도(3),누설(2),마모(1),충돌(1),휘어짐(1),크랙(1),운행(1),멈춤(1),에러(1),
"CAP-DAMPING HINGE,LH","CAP-DAMPING HINGE,LH 파손",파손(1),,,,,,,,,,,,,,
"CAP-DAMPING HINGE,RH","CAP-DAMPING HINGE,LH 파손",파손(1),,,,,,,,,,,,,,
CAP-DARK GRAY,MOLDING-TAILLIGHT A 후면 충돌파손,파손(14),분실(9),교체(7),마모(1),충돌(1),충전(1),운행(1),멈춤(1),에러(1),온도(1),,,,,
CAP-HINGE,"DOOR-REFRIGERATOR,REAR 오염으로 토탈케어",오염(1),,,,,,,,,,,,,,
CARD READER BRKT,"PANEL-LED MODULE,FRONT A 파손",파손(1),,,,,,,,,,,,,,
CARD READER STICKER,"PANEL-CENTER SIDE,LH OP A 파손",파손(14),마모(2),분실(2),교체(1),불량(1),셀(1),온도(1),접촉(1),,,,,,,
CART NUMBER PLATE,CART NUMBER PLATE 장착,,,,,,,,,,,,,,,
CHARGER (H3),CHARGER (H3) 부식으로 인한 교체,충전(192),안됨(157),에러(84),교체(59),불량(30),작동불량(16),운행(14),멈춤(9),파손(7),마모(7),연결(5),고장(3),셀(2),크랙(1),고무(1)
"CIRCULAR PIPE-FRT BUMPER,OTR",FRAME-HARDBAG BRACKET 찌그러짐,파손(63),충돌(18),휘어짐(16),마모(5),변형(3),교체(3),작동불량(1),불량(1),크랙(1),유격(1),운행(1),접촉(1),,,
CLAMP-EM BRAKE,파손,파손(1),,,,,,,,,,,,,,
CLUSTER MODULE (H3),CLUSTER MODULE A 고속/저속 버튼 파손,운행(67),안됨(39),파손(35),교체(33),불량(33),버튼(27),멈춤(26),깨짐(25),흔들림(17),마모(16),작동불량(14),에러(14),고장(10),충전(5),오염(3)
COLUMN & HELICAL GEAR BOX ASSY,COLUMN & HELICAL GEAR BOX ASSY 브라켓 파손,파손(2),안됨(1),유격(1),,,,,,,,,,,,
COMPRESSOR ASSY-REFRIGERATOR,COMPRESSOR ASSY-REFRIGERATOR_콤프래셔 소음으로 인한 콤프레셔 교체,불량(123),교체(62),작동불량(45),안됨(41),온도(38),고장(16),파손(6),소음(4),충돌(1),유격(1),멈춤(1),누설(1),진동(1),,
"CONSOLE-SLIDER BOX,REAR LH A","CONSOLE-SLIDER BOX,SIDE A파손",파손(5),,,,,,,,,,,,,,
"CONSOLE-SLIDER BOX,REAR RH A","14 WHEEL & TIRE A(R) 너클 소음으로 교체
뒤 오른쪽 파손으로 교체.주행거리-1030",파손(30),마모(6),교체(6),소음(2),충돌(1),오염(1),크랙(1),유격(1),진동(1),,,,,,
"CONSOLE-SLIDER BOX,SIDE A","CONSOLE-SLIDER BOX,SIDE A 파손",파손(817),충돌(70),마모(56),교체(25),운행(24),충격(17),크랙(7),깨짐(4),안됨(4),소음(3),휘어짐(3),충전(2),작동불량(2),누유(2),불량(2)
"CONSOLE-SLIDER,REAR LW DOOR","RAIL ASSY-DRAWER,LH 파손",파손(7),교체(1),,,,,,,,,,,,,
"CONSOLE-SLIDER,REAR LW DOOR INNER","PANEL-CENTER,REAR파손",파손(5),교체(1),,,,,,,,,,,,,
"CONSOLE-SLIDER,REAR LW DOOR INNER PIN","COVER-FOOTREST,TOP_화재카트",파손(4),마모(1),,,,,,,,,,,,,
"CONTROL ARM A,LH-FRONT","CONTROL ARM A,LH-FRONT 변형",마모(45),휘어짐(32),파손(14),유격(12),충돌(11),교체(7),변형(6),충격(6),소음(4),고무(4),안됨(3),크랙(2),베어링(2),충전(1),운행(1)
"CONTROL ARM A,LH-REAR","CONTROL ARM A,LH-REAR 파손",파손(32),교체(10),마모(7),휘어짐(7),변형(6),유격(6),고무(4),소음(3),크랙(3),진동(3),충돌(2),누유(1),단선(1),베어링(1),운행(1)
"CONTROL ARM A,RH-FRONT","CONTROL ARM A,LH-FRONT 변형",마모(52),휘어짐(32),파손(21),충돌(12),유격(12),충격(9),변형(7),교체(6),안됨(3),고무(3),소음(2),크랙(2),베어링(2),고장(1),운행(1)
"CONTROL ARM A,RH-REAR","KNUCKLE ASSY,LH-REAR 매니저운전미숙으로 파손",파손(30),교체(11),휘어짐(8),변형(7),마모(6),충돌(3),크랙(2),유격(2),베어링(2),운행(2),연결(2),충격(2),소음(1),누유(1),단선(1)
"CONTROL ARM&BALL JOINT ASSY,LH-FRONT","CONSOLE-SLIDER BOX,SIDE A_사고카트 12월",,,,,,,,,,,,,,,
"CONTROL ARM&BALL JOINT ASSY,LH-REAR","CONSOLE-SLIDER BOX,SIDE A_사고카트 12월",,,,,,,,,,,,,,,
"CONTROL ARM&BALL JOINT ASSY,RH-FRONT","CONSOLE-SLIDER BOX,SIDE A_사고카트 12월",,,,,,,,,,,,,,,
"CONTROL ARM&BALL JOINT ASSY,RH-REAR","CONSOLE-SLIDER BOX,SIDE A_사고카트 12월",,,,,,,,,,,,,,,
CONTROL UNIT ASSY,CONTROL UNIT ASSY 핸들무거움,불량(29),작동불량(23),운행(19),안됨(17),교체(16),에러(10),마모(6),멈춤(6),충격(5),파손(4),고장(3),크랙(3),충돌(2),연결(2),충전(1)
COVER MAT-FOOTREST,14 WHEEL & TIRE A(R) 앞바퀴마모 주행거리7011 외관파손,파손(1610),마모(460),충돌(160),변형(122),교체(82),불량(53),분실(51),운행(46),셀(39),충격(31),안됨(29),크랙(26),부풀(24),휘어짐(21),소음(19)
COVER-BRAKE SENSOR,SENSOR-BRAKE 출발안됨,파손(6),안됨(2),운행(1),에러(1),,,,,,,,,,,
COVER-DAMPING HINGE,PANEL-BUMPER FRONT 파손,파손(2),충돌(1),,,,,,,,,,,,,
"COVER-FOOTREST,BOTTOM",14 WHEEL & TIRE A(R) 앞바퀴마모 주행거리7011 외관파손,파손(1566),마모(192),충돌(166),교체(53),운행(35),휘어짐(24),충격(24),크랙(15),소음(13),안됨(12),불량(11),유격(10),변형(9),베어링(7),고무(7)
"COVER-FOOTREST,REAR","COVER-FOOTREST,TOP 파손",파손(193),충돌(39),마모(25),교체(10),변형(4),휘어짐(4),소음(3),베어링(3),이탈(3),크랙(2),유격(2),운행(2),진동(2),작동불량(1),깨짐(1)
"COVER-FOOTREST,TOP",14 WHEEL & TIRE A(R) 앞바퀴마모 주행거리7011 외관파손,파손(1582),마모(194),충돌(169),교체(53),운행(36),휘어짐(24),충격(24),크랙(16),소음(13),안됨(12),불량(11),유격(10),변형(8),베어링(7),고무(7)
"COVER-KEY LATCH,FRONT","COVER-KEY LATCH,FRONT 파손",파손(5),마모(1),변형(1),,,,,,,,,,,,
"COVER-KEY LATCH,MID","COVER-FOOTREST,TOP",파손(2),,,,,,,,,,,,,,
"COVER-KEY LATCH,REAR","KEY ASSY-REFRIGERATOR,FRONT 토탈케어",파손(1),,,,,,,,,,,,,,
"COVER-MOTOR,FRONT","COVER-MOTOR,REAR 오염",파손(1),충전(1),오염(1),온도(1),,,,,,,,,,,
"COVER-MOTOR,MID","300,SLIDE RAIL-UPPER 파손",파손(7),마모(2),누유(1),깨짐(1),오염(1),크랙(1),운행(1),,,,,,,,
"COVER-MOTOR,REAR","COVER-MOTOR,REAR 오염",파손(3),오염(1),단선(1),,,,,,,,,,,,
COVER-PCB ASSY,PCB ASSY-MAIN 작동불량,파손(2),작동불량(1),불량(1),,,,,,,,,,,,
DAMPER-COMPRESSOR,COMPRESSOR ASSY-REFRIGERATOR 작동안됨,안됨(2),교체(1),불량(1),,,,,,,,,,,,
"DAMPER-DOOR,LH","DAMPER-DOOR,LH 분실",분실(104),파손(79),마모(20),오염(9),교체(4),운행(3),충돌(2),불량(2),크랙(2),베어링(2),누유(1),휘어짐(1),안됨(1),에러(1),고무(1)
"DAMPER-DOOR,RH","COVER-FOOTREST,BOTTOM 충돌파손",분실(89),파손(55),마모(18),오염(8),충돌(6),교체(5),불량(5),안됨(3),충전(2),작동불량(2),베어링(2),운행(2),변형(1),소음(1),누유(1)
DAMPER-MOTOR ASSY,노후탈거 FRAME-TRANSAXLE A 파손,파손(7),마모(2),변형(2),불량(2),고무(2),진동(2),충돌(1),작동불량(1),누유(1),단선(1),에러(1),떨림(1),,,
DAMPING HINGE ASSY,DAMPING HINGE ASSY 작동불량,파손(2),불량(2),마모(1),충돌(1),작동불량(1),소음(1),오염(1),온도(1),연결(1),,,,,,
DC NCT 저항,슬라이드 작동불량,파손(2),변형(1),충전(1),작동불량(1),불량(1),휘어짐(1),멈춤(1),,,,,,,,
DC/DC CONVERTER (H2.5),DC/DC CONVERTER(H2.5) 과전류 발생. 작동불가,불량(13),안됨(13),작동불량(11),운행(5),고장(3),멈춤(2),에러(2),충전(1),교체(1),안들어옴(1),,,,,
DC/DC CONVERTER (H2.5/H3.5),노후탈거 SK배터리_침수로 인한 교체,안됨(18),교체(9),운행(8),파손(5),불량(5),멈춤(4),충전(3),작동불량(2),고장(2),안들어옴(2),마모(1),단선(1),온도(1),,
DC/DC CONVERTER (H3),DC/DC CONVERTER (H3) 이상으로 클러스터 휴즈터짐,안됨(13),운행(11),교체(9),불량(9),에러(6),멈춤(5),셀(5),충전(4),안들어옴(4),마모(3),작동불량(3),파손(1),소음(1),버튼(1),연결(1)
DC감속기판,DC감속기판 파손,파손(5),깨짐(2),변형(1),충전(1),오염(1),교체(1),휘어짐(1),,,,,,,,
DC너클프론트,HYDC프론트허브 베어링파손,파손(7),휘어짐(2),마모(1),변형(1),충전(1),베어링(1),,,,,,,,,
DC로어암,TSDC충전선 파손,파손(3),마모(1),충전(1),휘어짐(1),,,,,,,,,,,
DC발판쇼바,DC발판쇼바 파손,파손(5),충전(1),,,,,,,,,,,,,
DC발판프레임,DC발판프레임 휘어짐,파손(4),마모(1),충전(1),오염(1),휘어짐(1),,,,,,,,,,
DC브라켓봉,엑셀(신형) 결배,휘어짐(1),셀(1),,,,,,,,,,,,,
DC앞범퍼브라켓ASSY,DC앞범퍼브라켓ASSY 변형,파손(2),변형(2),휘어짐(1),,,,,,,,,,,,
DC어퍼암,DC발판프레임 파손,파손(2),깨짐(1),오염(1),,,,,,,,,,,,
DC전후방쇼바,스마트바퀴 마모,마모(2),휘어짐(2),변형(1),,,,,,,,,,,,
DC조인트 m12 (오1.75),스마트바퀴 마모,마모(2),파손(1),변형(1),충전(1),,,,,,,,,,,
DC조인트 m12 (왼1.75),스마트바퀴 마모,마모(2),파손(1),변형(1),충전(1),,,,,,,,,,,
DC콘트롤러 - PG,DC콘트롤러 - PG,파손(2),작동불량(1),불량(1),운행(1),멈춤(1),,,,,,,,,,
DC키스위치,DC앞범퍼브라켓ASSY 휘어짐,휘어짐(1),,,,,,,,,,,,,,
DC프론트로드,DC앞범퍼브라켓ASSY 변형,파손(3),마모(1),변형(1),충전(1),깨짐(1),오염(1),,,,,,,,,
DISPLAY ASSY,DISPLAY ASSY 불안들어옴,버튼(9),온도(8),불량(6),안됨(5),파손(4),작동불량(4),교체(3),안들어옴(2),마모(1),고장(1),운행(1),누설(1),,,
"DOOR HANDLE,FR","DOOR HANDLE,FR 파손",파손(69),마모(7),교체(4),충돌(3),고장(2),불량(2),분실(1),소음(1),휘어짐(1),크랙(1),버튼(1),운행(1),멈춤(1),진동(1),
"DOOR HANDLE,RR","DOOR HANDLE,FR 파손",파손(64),마모(7),교체(4),충돌(3),고장(2),분실(1),소음(1),불량(1),휘어짐(1),크랙(1),버튼(1),운행(1),멈춤(1),진동(1),
"DOOR-REFRIGERATOR,FRONT","PANEL-CENTER COVER,FRONT A파손",파손(12),오염(6),불량(2),변형(1),,,,,,,,,,,
"DOOR-REFRIGERATOR,MID","PANEL-CENTER COVER,FRONT A파손",파손(9),오염(6),변형(1),충돌(1),불량(1),휘어짐(1),,,,,,,,,
"DOOR-REFRIGERATOR,REAR","PANEL-CENTER COVER,FRONT A파손",파손(9),오염(7),작동불량(2),불량(2),변형(1),충돌(1),버튼(1),,,,,,,,
"DOOR-REFRIGERATOR,SIDE LH","카트 운행중 4번도어 열림으로 DOOR-REFRIGERATOR,SIDE LH 파손",파손(39),충돌(3),교체(3),운행(3),오염(2),충격(2),마모(1),크랙(1),,,,,,,
"DOOR-REFRIGERATOR,SIDE RH","DRAWER-REFRIGERATOR,RH 파손",파손(39),충돌(4),크랙(2),오염(1),교체(1),휘어짐(1),유격(1),,,,,,,,
"DRAWER-REFRIGERATOR,LH","DRAWER-REFRIGERATOR,LH 파손",파손(42),충돌(6),마모(4),교체(2),운행(2),깨짐(1),휘어짐(1),안됨(1),충격(1),,,,,,
"DRAWER-REFRIGERATOR,RH","DRAWER-REFRIGERATOR,RH 파손",파손(108),충돌(11),마모(6),교체(4),크랙(2),유격(2),운행(2),변형(1),소음(1),깨짐(1),연결(1),늘어짐(1),,,
DRIER ASSY,COMPRESSOR ASSY-REFRIGERATOR 작동불량,작동불량(1),불량(1),,,,,,,,,,,,,
"DRIVESHAFT ASSY, LH",FRAME-TRANSAXLE A 파손 및 너클소음 드라이브샤프트 누유및 파손,파손(325),고무(229),마모(156),누유(125),유격(94),베어링(76),소음(68),크랙(50),이탈(26),교체(25),운행(24),멈춤(15),진동(15),흔들림(11),불량(9)
"DRIVESHAFT ASSY, RH","DRIVESHAFT ASSY, RH 누유",파손(385),누유(285),마모(239),고무(236),유격(152),베어링(95),소음(94),이탈(80),크랙(75),운행(60),교체(49),멈춤(38),연결(15),진동(15),휘어짐(12)
ELECTROMAGNETIC BRAKE ASSY,ELECTROMAGNETIC BRAKE ASSY 운행불가 및 수동밀림,운행(37),멈춤(31),파손(20),소음(13),단선(11),마모(10),불량(9),변형(7),안됨(7),에러(6),유격(5),작동불량(4),교체(4),크랙(4),고무(3)
ELECTRONIC BACK HORN,ELECTRONIC BACK HORN 스피커 불량,마모(1),소음(1),불량(1),안됨(1),유격(1),고무(1),,,,,,,,,
ELECTRONIC HORN,ELECTRONIC HORN 고장,교체(2),파손(1),고장(1),,,,,,,,,,,,
ENCODER,ENCODER 주행중 저속주행,운행(25),멈춤(21),불량(8),에러(6),파손(4),마모(4),교체(4),작동불량(3),안됨(3),온도(3),소음(2),충전(1),고장(1),크랙(1),유격(1)
FAN ASSY-REFRIGERATOR,PCB ASSY-MAIN,불량(23),안됨(14),에러(14),작동불량(13),소음(10),교체(9),온도(8),마모(5),파손(4),충전(2),고장(1),크랙(1),멈춤(1),,
FAN모터하네스(진우/캐리어),콤프작동불랭,마모(5),불량(4),안됨(3),파손(2),변형(2),작동불량(1),교체(1),누설(1),,,,,,,
FRAME-FOOTHOLDER A,FRAME-FOOTHOLDER A 휘어짐,파손(36),휘어짐(14),마모(9),변형(5),충돌(5),교체(4),유격(3),크랙(2),소음(1),안됨(1),셀(1),,,,
FRAME-FRONT BUMPER A,FRAME-FRONT BUMPER A 파손,파손(216),충돌(47),휘어짐(47),마모(36),교체(12),운행(7),크랙(6),변형(4),소음(2),진동(2),충격(2),충전(1),누유(1),고장(1),안됨(1)
FRAME-HARDBAG BRACKET A,FRAME-HARDBAG BRACKET 찌그러짐,파손(57),충돌(10),휘어짐(10),마모(5),변형(5),교체(2),크랙(2),운행(2),접촉(1),충격(1),,,,,
FRAME-LOWER A,"MOLDING-SIDE,LH A_가좌점 사고카트, 차량접촉으로 인한 파손",파손(1),접촉(1),,,,,,,,,,,,,
FRAME-TOP A,FRAME-TOP A_캐노피 브라켓 하단부 프레임 파손,파손(4),교체(2),,,,,,,,,,,,,
FRAME-TRANSAXLE A,FRAME-TRANSAXLE A 변형,파손(502),변형(22),마모(18),소음(17),진동(13),운행(12),교체(11),고무(11),유격(9),누유(8),휘어짐(8),크랙(8),충돌(6),베어링(4),연결(4)
FRONT LED ASSY LH,"PANEL-CENTER COVER,FRONT A 파손",파손(4),작동불량(1),불량(1),안됨(1),안들어옴(1),,,,,,,,,,
FRONT LED ASSY RH,"PANEL-CENTER COVER,FRONT A 파손",파손(4),작동불량(1),불량(1),안됨(1),안들어옴(1),,,,,,,,,,
FRONT LED CONTROLLER,FRONT LED ASSY LH 프론트LED 안들어옴,파손(3),불량(2),작동불량(1),고장(1),안됨(1),안들어옴(1),,,,,,,,,
FRT LED MODULE LH,FRT LED MODULE LH/RH 작동불량으로 LED 안들어옴,파손(1),마모(1),작동불량(1),불량(1),안됨(1),안들어옴(1),누설(1),,,,,,,,
FRT LED MODULE RH,FRT LED MODULE LH/RH 작동불량으로 LED 안들어옴,파손(1),마모(1),작동불량(1),불량(1),안들어옴(1),,,,,,,,,,
"GASKET-DOOR,FRONT","GASKET-DOOR,REAR 오염",오염(4),파손(1),고장(1),교체(1),,,,,,,,,,,
"GASKET-DOOR,MID","RAIL ASSY-DRAWER,LH 파손",오염(4),파손(1),고장(1),,,,,,,,,,,,
"GASKET-DOOR,REAR","GASKET-DOOR,REAR 오염",오염(4),파손(1),고장(1),교체(1),,,,,,,,,,,
"GASKET-DOOR,SIDE LH","카트 운행중 4번도어 열림으로 DOOR-REFRIGERATOR,SIDE LH 파손",파손(2),마모(1),오염(1),운행(1),,,,,,,,,,,
"GASKET-DOOR,SIDE RH","GASKET-DOOR,SIDE LH 변색 오염",파손(2),마모(1),충돌(1),오염(1),,,,,,,,,,,
GUIDE-DOOR LOCKER,GUIDE-DOOR LOCKER 파손,파손(178),마모(11),충돌(3),크랙(3),안됨(3),운행(3),변형(2),작동불량(2),교체(2),불량(2),오염(1),휘어짐(1),이탈(1),멈춤(1),
HANDLE BAR,노후탈거 FRAME-TRANSAXLE A 파손,파손(5),교체(1),불량(1),,,,,,,,,,,,
HANDLE-EM BRAKE,HINGE_HG5032-15_작업중 파손으로 인한 교체,파손(9),교체(4),이탈(2),마모(1),충돌(1),휘어짐(1),진동(1),,,,,,,,
HARNESS-CAN CONNECT,BATTERY PACK ASSY (111Ah)_침수로 인한 교체,교체(3),파손(1),불량(1),,,,,,,,,,,,
HEAD LAMP,PANEL-BUMPER FRONT 파손,파손(29),마모(5),충돌(3),교체(1),불량(1),휘어짐(1),안됨(1),안들어옴(1),운행(1),접촉(1),,,,,
HEATING HANDLE GRIP LH,14 WHEEL & TIRE A(R) 주행거리 6331 외장파손 열선파손 ,안됨(82),파손(37),불량(31),마모(29),작동불량(25),단선(16),교체(9),고장(6),충전(4),고무(4),온도(3),안들어옴(2),운행(2),셀(2),에러(2)
HEATING HANDLE GRIP RH,HEATING HANDLE GRIP LH 이상으로 전원꺼짐,안됨(70),파손(54),단선(39),마모(29),불량(28),작동불량(24),교체(9),운행(4),고무(4),충돌(3),멈춤(3),셀(3),충전(2),소음(2),안들어옴(2)
HINGE ASSY,HINGE ASSY 파손,파손(6),분실(1),누유(1),오염(1),불량(1),,,,,,,,,,
"HINGE ASSY,CENTER","RAIL ASSY-DRAWER,LH 파손",파손(4),오염(2),누유(1),불량(1),,,,,,,,,,,
HINGE_HD2026-12,"14 WHEEL&TIRE A (R) 뒷바퀴마모 4536km ""정기""",마모(1),,,,,,,,,,,,,,
HINGE_HG5032-15,"MOLDING-BUMPER,UPPER A 파손",파손(7),교체(1),,,,,,,,,,,,,
HOOK-CLAMP,교체,파손(5),교체(3),이탈(2),마모(1),휘어짐(1),안됨(1),,,,,,,,,
"HOOK-CLAMP,TOP FRAME","PANEL-LOWER COVER,REAR LH 파손 ",파손(7),충돌(1),안됨(1),베어링(1),운행(1),고무(1),,,,,,,,,
HOSE-BRAKE,HOSE-BRAKE 파손,파손(9),교체(6),누유(3),단선(1),흔들림(1),진동(1),,,,,,,,,
HYDC깜박이릴레이,HYDC깜박이릴레이 작동불량,파손(24),불량(18),작동불량(12),마모(7),안됨(6),운행(6),멈춤(6),소음(2),고장(2),버튼(2),변형(1),충전(1),오염(1),교체(1),접촉(1)
HYDC두부싱,"PANEL-CENTER,REAR 파손",파손(16),휘어짐(6),마모(4),변형(3),안됨(3),소음(1),교체(1),운행(1),,,,,,,
HYDC디스크,TRANSAXLE 소음,소음(284),파손(131),교체(52),운행(40),셀(35),멈춤(23),누유(13),마모(12),안됨(12),불량(9),변형(6),유격(6),베어링(6),작동불량(5),에러(5)
HYDC러버부싱,DC감속기판 파손,파손(16),소음(2),교체(2),불량(2),멈춤(2),온도(2),깨짐(1),오염(1),안됨(1),운행(1),,,,,
HYDC리어허브-28π,TRANSAXLE 소음,소음(308),파손(132),교체(54),운행(40),셀(40),멈춤(25),마모(17),안됨(14),누유(12),유격(11),변형(9),불량(9),에러(7),베어링(6),충전(4)
HYDC릴레이박스,"DC/DC CONVERTER(H2.5) 
HYDC휴즈 터지면서 클러스터 화면 나감",교체(7),안됨(2),안들어옴(2),작동불량(1),불량(1),멈춤(1),,,,,,,,,
HYDC마그넷컨택터,HY콘트롤러 작동불량,운행(75),멈춤(64),불량(59),작동불량(34),안됨(34),에러(22),교체(13),파손(10),접촉(10),충전(9),셀(7),연결(6),소음(4),고장(4),마모(2)
HYDC발판핀,FRAME-FOOTHOLDER A 휘어짐,파손(5),휘어짐(4),변형(3),작동불량(1),불량(1),안됨(1),,,,,,,,,
HYDC브레이크레버,평찰/흑각_로어암 연결 부위 파손,파손(297),불량(67),셀(52),누유(47),안됨(41),교체(40),마모(38),작동불량(20),충전(19),소음(18),멈춤(18),운행(16),깨짐(15),고장(12),에러(6)
HYDC브레이크패드,노후탈거 HYDC감속기-28π 작동불량,파손(22),마모(22),소음(22),불량(6),교체(5),멈춤(5),셀(5),분실(4),작동불량(4),운행(4),충전(2),안됨(2),탈락(2),누유(1),고장(1)
HYDC브레이크호스,제동불량,파손(1),누유(1),불량(1),,,,,,,,,,,,
HYDC스티어링칼럼ASSY,결배,파손(5),,,,,,,,,,,,,,
HYDC저항10k,HYDC브레이크레버 오일창 깨짐,파손(5),교체(2),운행(2),멈춤(2),마모(1),변형(1),깨짐(1),불량(1),셀(1),에러(1),,,,,
HYDC전자브레이크48V,TRANSAXLE 소음,소음(361),파손(191),운행(145),멈춤(112),불량(103),교체(91),셀(71),작동불량(64),안됨(38),누유(20),에러(15),마모(10),고장(6),단선(6),베어링(6)
HYDC조인트 m8,핸들잠김,파손(15),휘어짐(5),마모(4),불량(4),충돌(1),소음(1),교체(1),안됨(1),온도(1),,,,,,
HYDC캘리퍼오,HYDC캘리퍼왼 피스톤 부식되어 제동 안됨,파손(56),소음(26),마모(17),불량(10),안됨(10),교체(8),누유(6),운행(4),셀(4),작동불량(3),멈춤(2),고장(1),베어링(1),이탈(1),에러(1)
HYDC캘리퍼왼,HYDC캘리퍼왼 피스톤 부식되어 제동 안됨,파손(59),소음(21),마모(13),안됨(13),불량(12),운행(6),교체(5),멈춤(4),작동불량(3),누유(3),셀(3),깨짐(2),흔들림(2),휘어짐(1),유격(1)
HYDC컨버터,HYDC컨버터 화면 작동안됌,불량(2),파손(1),작동불량(1),운행(1),멈춤(1),에러(1),,,,,,,,,
HYDC케이블ASSY,HYDC케이블ASSY 변형,파손(2),불량(2),변형(1),늘어남(1),휘어짐(1),누설(1),온도(1),,,,,,,,
HYDC프론트허브,노후탈거 스마트바퀴 트레드마모,파손(150),베어링(51),마모(48),소음(28),셀(24),교체(14),충전(8),휘어짐(8),변형(7),불량(6),안됨(4),운행(4),누유(3),충격(3),멈춤(2)
HYDC휴즈10A,DC/DC CONVERTER (H3) 전원 인가시 과전류로 휴즈 파손됨,파손(42),불량(20),안됨(17),멈춤(16),운행(15),마모(14),충전(13),작동불량(12),교체(11),고장(8),셀(7),소음(4),단선(4),안들어옴(3),에러(2)
HYTS발판쇼바,TRANSAXLE 결배,파손(4),불량(3),온도(2),고장(1),교체(1),휘어짐(1),안됨(1),,,,,,,,
HY감속기판,HY감속기판 파손,파손(122),소음(24),교체(6),운행(6),깨짐(5),셀(5),충전(2),불량(2),안됨(2),멈춤(2),마모(1),변형(1),작동불량(1),에러(1),균열(1)
HY너클(오),프론트센터커버 파손,파손(63),베어링(11),셀(11),마모(8),충전(7),교체(6),소음(5),휘어짐(5),안됨(4),변형(3),불량(2),연결(1),충격(1),,
HY너클(왼),HY숏프론트로드 휨,파손(65),베어링(15),마모(10),셀(10),교체(6),소음(5),충전(4),변형(3),휘어짐(3),운행(2),불량(1),안됨(1),멈춤(1),충격(1),
HY로어암,볼조인트파손,파손(21),마모(7),불량(7),운행(6),작동불량(4),교체(4),멈춤(4),변형(3),휘어짐(3),안됨(3),셀(3),충전(2),소음(2),에러(2),누유(1)
HY로커버,프론트센터커버_파손 및 새시 부식으로 인한 교체,파손(11),마모(4),불량(4),안됨(3),교체(2),변형(1),작동불량(1),소음(1),고장(1),운행(1),멈춤(1),,,,
HY리어미드커버판,프론트탑커버_TS리워크,교체(1),,,,,,,,,,,,,,
HY리어보스,조향조정요청,파손(16),마모(4),불량(4),셀(3),충돌(2),변형(1),작동불량(1),안됨(1),베어링(1),운행(1),,,,,
HY메인스위치ASSY,HY메인스위치ASSY 찌그러짐,충전(388),파손(260),안됨(155),불량(113),교체(94),작동불량(48),버튼(41),고장(29),셀(24),휘어짐(23),접촉(23),마모(19),운행(13),소음(11),단선(11)
HY메인하네스ASSY,HY메인하네스ASSY 단선,멈춤(16),운행(11),불량(9),단선(8),교체(7),작동불량(6),충전(4),안됨(4),파손(2),에러(1),,,,,
HY발판프레임,결배,파손(21),휘어짐(17),변형(4),충돌(4),작동불량(2),소음(2),불량(2),안됨(2),충격(2),마모(1),운행(1),멈춤(1),균열(1),,
HY숏프론트로드,HY숏프론트로드 휨,파손(79),휘어짐(78),마모(40),변형(28),셀(17),교체(15),충돌(11),충격(11),소음(8),불량(7),운행(6),안됨(5),멈춤(4),충전(3),작동불량(2)
HY앞범퍼브라켓ASSY,SK충전기48V 충전안됨,파손(59),휘어짐(13),충돌(8),교체(6),셀(6),소음(5),안됨(4),마모(3),충전(3),불량(3),변형(2),작동불량(1),고장(1),깨짐(1),오염(1)
HY어퍼암(오),엑셀스프링 정기,파손(10),마모(6),셀(5),작동불량(4),교체(4),불량(4),변형(3),휘어짐(3),운행(2),소음(1),멈춤(1),,,,
HY어퍼암(왼),HY숏프론트로드 휨,파손(9),마모(7),셀(5),작동불량(4),교체(4),불량(4),변형(3),운행(2),소음(1),휘어짐(1),멈춤(1),,,,
HY전방폴대,프론트센터커버 파손,파손(6),변형(1),충돌(1),휘어짐(1),운행(1),,,,,,,,,,
HY전후방쇼바,MOTOR_A 교체,파손(25),소음(16),마모(11),누유(9),변형(6),교체(6),불량(3),휘어짐(3),운행(3),작동불량(2),셀(2),충격(2),충전(1),안됨(1),멈춤(1)
HY조인트 m12(오1.25),HY숏프론트로드 휨,파손(78),마모(36),변형(15),휘어짐(15),불량(9),셀(8),안됨(7),운행(7),소음(6),멈춤(5),교체(4),베어링(3),충격(3),충돌(2),분실(2)
HY조인트 m12(왼1.25),HY숏프론트로드 휨,파손(78),마모(36),변형(18),휘어짐(15),불량(13),셀(8),안됨(7),운행(7),소음(6),멈춤(5),작동불량(4),교체(4),베어링(3),충격(3),충돌(2)
HY캐노피볼트 m8,HY캐노피볼트 m8,파손(49),안됨(32),마모(29),분실(27),불량(14),교체(10),변형(9),작동불량(9),셀(6),충전(5),오염(3),운행(3),소음(2),휘어짐(2),멈춤(2)
HY캐노피부싱,캐노피브라켓(상) 파손으로 교체,파손(1),교체(1),,,,,,,,,,,,,
HY콘트롤러,HY콘트롤러 고장,운행(129),멈춤(129),에러(87),불량(60),작동불량(37),안됨(29),교체(27),파손(15),충전(7),셀(7),소음(5),고장(2),안들어옴(2),온도(2),연결(2)
HY파이프브라켓,냉장고 도어경첩(180도 각도) 고정안됨,파손(6),휘어짐(3),충돌(1),안됨(1),운행(1),셀(1),,,,,,,,,
HY폴대수축튜브(5Φ),프론트센터커버 파손,파손(2),변형(1),휘어짐(1),,,,,,,,,,,,
HY프론트보스,HY프론트보스 휘어짐으로 핸들 무거움,파손(21),휘어짐(19),마모(7),불량(6),변형(5),셀(5),작동불량(4),소음(3),충격(3),충전(2),교체(2),안됨(2),유격(2),운행(2),충돌(1)
HY프론트핀,HY프론트보스 휘어짐으로 핸들 무거움,파손(21),휘어짐(18),마모(7),변형(5),불량(5),셀(5),작동불량(4),소음(4),충격(3),충전(2),교체(2),안됨(2),유격(2),운행(2),충돌(1)
HY프론트허브,볼조인트 고착 ,파손(24),소음(5),베어링(5),마모(4),교체(4),불량(4),안됨(3),셀(3),충전(2),작동불량(2),멈춤(2),변형(1),단선(1),버튼(1),운행(1)
"KEY ASSY-REFRIGERATOR,BOTTOM","300,SLIDE RAIL-UPPER 파손 ",파손(87),마모(6),휘어짐(4),충돌(3),교체(2),안됨(2),충전(1),충격(1),,,,,,,
"KEY ASSY-REFRIGERATOR,FRONT","KEY ASSY-REFRIGERATOR,FRONT 회전불량",파손(278),교체(28),마모(27),불량(19),충돌(15),안됨(13),작동불량(7),휘어짐(7),고장(4),크랙(4),운행(4),오염(3),충전(2),충격(2),분실(1)
"KEY ASSY-REFRIGERATOR,REAR","KEY ASSY-REFRIGERATOR,REAR 억지로돌려서휘어짐",파손(195),교체(27),불량(21),마모(19),안됨(18),작동불량(10),충돌(7),운행(6),크랙(5),고장(4),휘어짐(4),오염(3),변형(1),누유(1),단선(1)
KEY SET,KEY SET 키홈 파손으로 열쇠 삽입 불가,파손(35),분실(7),마모(2),충돌(2),교체(2),휘어짐(1),안됨(1),,,,,,,,
"KNUCKLE ASSY,LH-FRONT","KNUCKLE ASSY,LH-FRONT 앞바퀴 흔들림.",파손(134),마모(99),베어링(97),유격(74),소음(64),교체(23),안됨(18),흔들림(16),불량(14),운행(14),작동불량(9),크랙(9),휘어짐(6),멈춤(6),고무(6)
"KNUCKLE ASSY,LH-REAR","KNUCKLE ASSY,LH-REAR 연기 발생 및 소음",파손(402),베어링(241),소음(195),유격(191),마모(167),고무(80),크랙(45),누유(34),운행(28),흔들림(27),불량(15),교체(12),작동불량(9),멈춤(9),안됨(8)
"KNUCKLE ASSY,RH-FRONT","KNUCKLE ASSY,RH-FRONT 작동불량으로 바퀴 안돌아감
",파손(188),베어링(130),마모(107),소음(91),유격(81),교체(22),불량(21),작동불량(17),운행(16),크랙(15),흔들림(15),안됨(13),충격(12),휘어짐(8),고무(5)
"KNUCKLE ASSY,RH-REAR","14 WHEEL & TIRE A(R) 뒷바퀴크랙 주행거리3733
외관파손",파손(476),베어링(282),소음(256),유격(242),마모(187),고무(90),크랙(69),누유(60),운행(43),흔들림(31),이탈(30),교체(21),불량(16),멈춤(16),작동불량(11)
LATCH-DOOR LOCKER,"RAIL ASSY-DRAWER,LH 파손",파손(235),마모(16),분실(9),교체(7),크랙(5),안됨(4),운행(4),이탈(3),변형(2),충돌(2),충전(2),작동불량(2),불량(2),충격(2),오염(1)
LEVER BUTTON-DOOR LOCKER,BAR-DOOR LOCKER 파손,파손(1610),마모(113),교체(45),충격(37),충돌(17),안됨(16),운행(14),크랙(12),불량(11),충전(8),분실(6),작동불량(5),깨짐(4),멈춤(4),셀(4)
"LEVER HOLDER-DOOR LOCKER,LH",BAR-DOOR LOCKER 파손,파손(586),마모(46),충돌(5),운행(5),크랙(4),교체(3),분실(2),안됨(2),멈춤(2),충격(2),충전(1),누유(1),오염(1),부풀(1),휘어짐(1)
"LEVER HOLDER-DOOR LOCKER,RH",BAR-DOOR LOCKER 파손,파손(584),마모(47),충돌(5),크랙(4),운행(4),교체(3),분실(2),안됨(2),멈춤(2),충격(2),충전(1),누유(1),오염(1),부풀(1),휘어짐(1)
LINE-CHARGING,LINE-CHARGING 훼손,파손(1156),충전(761),안됨(305),분실(288),불량(202),교체(180),마모(152),단선(145),작동불량(113),셀(54),운행(40),소음(32),멈춤(28),접촉(26),휘어짐(25)
LTE WIFI LTE ROUTER,"LTE WIFI LTE ROUTER_운행 불가 및 지속적 에러코드 발생,ROUTER 신호 이상,과냉으로 인한 냉매가스 정량 재주입",교체(2),에러(2),파손(1),작동불량(1),불량(1),안됨(1),운행(1),연결(1),,,,,,,
MAGNET CATCHES BODY_B-MS40,"300,SLIDE RAIL-UPPER 파손",파손(13),분실(6),마모(1),충돌(1),작동불량(1),교체(1),불량(1),운행(1),,,,,,,
MAGNET CATCHES BODY_B-MS40-1,SWITCH-SPEED CONTROL 버튼작동불량,파손(7),작동불량(2),교체(2),불량(2),크랙(2),마모(1),버튼(1),,,,,,,,
MAIN-HARNESS,MAIN-HARNESS_메인하네스 단선으로 인한 엑셀 오작동 (엑셀값 출력으로 인한 카트 출발),교체(3),파손(2),셀(2),단선(1),에러(1),,,,,,,,,,
"MOLDING-BUMPER,UPPER A","14 WHEEL & TIRE A 앞 마모, 주행거리1882",파손(366),충돌(53),마모(44),교체(14),운행(9),충격(7),휘어짐(6),분실(4),누유(3),크랙(3),변형(2),깨짐(2),안됨(2),버튼(2),멈춤(2)
"MOLDING-SIDE,LH A",ELECTROMAGNETIC BRAKE ASSY 파손,파손(83),마모(12),교체(8),충돌(7),안됨(4),충격(4),접촉(3),불량(2),크랙(2),충전(1),분실(1),작동불량(1),오염(1),휘어짐(1),버튼(1)
"MOLDING-SIDE,RH A","PANEL-CENTER COVER,FRONT A 파손",파손(73),충돌(9),교체(9),마모(8),충전(3),크랙(3),충격(3),작동불량(2),불량(2),안됨(2),온도(2),버튼(1),셀(1),에러(1),누설(1)
MOLDING-TAILLIGHT A,MOLDING-TAILLIGHT A 후면 충돌파손,파손(200),충돌(19),마모(18),교체(9),운행(7),분실(6),안됨(5),휘어짐(4),고무(3),접촉(3),충격(3),변형(2),불량(2),크랙(2),이탈(2)
MOTOR ASSY,MOTOR ASSY 진동발생,진동(105),소음(93),멈춤(41),운행(34),파손(20),교체(14),에러(13),불량(11),누유(7),안됨(7),작동불량(6),크랙(6),유격(6),마모(5),고무(5)
MOTOR ASSY-KEY,"KEY ASSY-REFRIGERATOR,REAR 파손",파손(16),고장(3),안됨(2),마모(1),분실(1),,,,,,,,,,
MOTOR CABLE,MOTOR ASSY_모터과열 인한 운행멈춤,교체(1),운행(1),멈춤(1),,,,,,,,,,,,
MOTOR CONTROLLER,MOTOR CONTROLLER 작동부량,멈춤(23),에러(23),운행(22),불량(7),안됨(6),교체(3),셀(3),소음(2),작동불량(1),접촉(1),,,,,
MOTOR_A,HY콘트롤러 작동불량,소음(159),파손(92),운행(64),멈춤(57),교체(43),셀(38),불량(25),에러(18),안됨(12),작동불량(11),누유(7),온도(5),마모(4),충전(4),단선(2)
MTR CONTROLLER,MTR CONTROLLER 작동불량으로 운행불가 ( 키 전원 on 시 운행준비 안됨 ),운행(137),에러(66),멈춤(60),교체(54),안됨(48),불량(37),셀(18),작동불량(17),마모(13),소음(12),파손(6),고장(4),버튼(4),온도(3),깨짐(2)
MULTI FUNCTION SW,FRAME-FRONT BUMPER A 파손,안됨(102),불량(86),파손(85),작동불량(74),고장(28),마모(25),교체(16),셀(15),버튼(13),충전(10),운행(8),오염(6),접촉(6),멈춤(5),소음(4)
OIL SEAL-GEARBOX,"DRIVESHAFT ASSY, RH 오일씰 누유",파손(9),누유(6),소음(5),크랙(2),진동(2),마모(1),베어링(1),고무(1),,,,,,,
"PANEL LOWER COVER,REAR MIDDLE",CANOPY-HOLDER 토탈케어,파손(16),교체(3),충돌(1),소음(1),깨짐(1),안됨(1),유격(1),접촉(1),,,,,,,
PANEL-BUMPER FRONT,"14 WHEEL & TIRE A 앞 마모, 주행거리1882",파손(431),충돌(74),마모(48),교체(16),운행(11),휘어짐(8),크랙(8),충격(7),멈춤(4),변형(2),누유(2),깨짐(2),불량(2),유격(2),고무(2)
"PANEL-CENTER COVER,FRONT A","14 WHEEL & TIRE A 앞 마모, 주행거리1882",파손(143),충돌(28),마모(13),교체(10),충격(2),누유(1),휘어짐(1),운행(1),에러(1),온도(1),접촉(1),,,,
"PANEL-CENTER SIDE,LH OP A","PANEL-CENTER SIDE,LH OP A 파손",파손(73),교체(9),충돌(8),마모(7),접촉(3),깨짐(2),오염(2),휘어짐(2),불량(1),누설(1),충격(1),훼손(1),,,
"PANEL-CENTER SIDE,RH A","PANEL-CENTER SIDE,RH A 외장파손",파손(59),충돌(13),교체(6),마모(2),오염(1),불량(1),휘어짐(1),운행(1),누설(1),,,,,,
"PANEL-CENTER,REAR","14 WHEEL & TIRE A뒤타이어 마모로 교체
주행거리-4594",파손(15),교체(6),마모(3),오염(1),접촉(1),,,,,,,,,,
PANEL-CONSOLE SLIDER BOX A,"COVER-FOOTREST,TOP_화재카트",파손(3),교체(1),,,,,,,,,,,,,
"PANEL-CONSOLE SLIDER BOX,SIDE A","PANEL-CONSOLE SLIDER BOX,SIDE A파손",파손(14),마모(3),교체(3),휘어짐(1),,,,,,,,,,,
PANEL-DASH A,PANEL-DASH A 파손,파손(13),마모(1),충전(1),소음(1),오염(1),교체(1),휘어짐(1),연결(1),진동(1),,,,,,
"PANEL-DASH COVER,LH",SWITCH ASSY LH 충전선 탈착시 과한 힘에 의해 메인스위치 플레이트 휨. ,파손(5),충전(1),,,,,,,,,,,,,
"PANEL-DASH COVER,RH","14 WHEEL & TIRE A(R) 뒤타이어 크랙으로 교체
주행거리-4754",파손(8),충돌(2),마모(1),작동불량(1),교체(1),불량(1),크랙(1),운행(1),에러(1),충격(1),,,,,
"PANEL-FRONT WHEELHOUSE,LH A",외장파손수리,파손(6),교체(3),충돌(2),휘어짐(1),,,,,,,,,,,
"PANEL-FRONT WHEELHOUSE,RH A","PANEL-FRONT WHEELHOUSE,RH A_외장파손 및 부식으로인한 교체",파손(7),충돌(3),교체(3),마모(2),,,,,,,,,,,
PANEL-GRILLE,"PANEL-CENTER COVER,FRONT A 파손",파손(6),충돌(1),접촉(1),,,,,,,,,,,,
PANEL-GRILLE BUMPER,"PANEL-CENTER COVER,FRONT A 파손",파손(8),충돌(2),접촉(1),,,,,,,,,,,,
"PANEL-HANDLE,FRONT",PANEL-BUMPER FRONT 파손,파손(1),마모(1),,,,,,,,,,,,,
"PANEL-HANDLE,REAR","MOLDING-SIDE,LH A_부품 파손",파손(1),,,,,,,,,,,,,,
"PANEL-HARDBAG,FRONT","14 WHEEL & TIRE A 앞 마모, 주행거리1882",파손(603),마모(86),충돌(84),휘어짐(39),교체(13),충격(11),크랙(9),운행(8),안됨(7),변형(6),충전(6),분실(3),소음(3),단선(3),누유(2)
"PANEL-HARDBAG,REAR","14 WHEEL & TIRE A 앞 마모, 주행거리1882",파손(580),마모(85),충돌(84),휘어짐(39),교체(11),충격(11),운행(10),크랙(9),변형(6),충전(6),안됨(6),분실(4),소음(3),단선(3),누유(2)
"PANEL-LED MODULE,FRONT A","PANEL-CENTER COVER,FRONT A 파손 ",파손(47),충돌(11),교체(3),마모(2),불량(2),작동불량(1),휘어짐(1),베어링(1),고무(1),접촉(1),,,,,
"PANEL-LED MODULE,REAR A","PANEL-LED MODULE,REAR A 파손",파손(4),교체(1),,,,,,,,,,,,,
"PANEL-LOWER COVER,REAR LH",CANOPY-HOLDER 토탈케어,파손(83),마모(10),충돌(9),교체(6),접촉(2),소음(1),에러(1),온도(1),충격(1),,,,,,
"PANEL-LOWER COVER,REAR RH",CANOPY-HOLDER 토탈케어,파손(70),충돌(10),마모(6),오염(2),교체(2),안됨(2),충격(2),충전(1),깨짐(1),온도(1),,,,,
"PANEL-LOWER SIDE,LH","PANEL-LOWER SIDE,LH 파손",파손(88),충돌(10),교체(7),마모(4),크랙(3),충전(2),접촉(2),오염(1),휘어짐(1),안됨(1),운행(1),온도(1),충격(1),,
"PANEL-LOWER SIDE,RH","PANEL-LOWER SIDE,RH 파손",파손(88),마모(13),충돌(8),교체(6),충전(2),온도(2),오염(1),크랙(1),에러(1),충격(1),,,,,
PANEL-PDA SUPPORT,"평철_탑 프레임 오른쪽 균열(캐노피 홀더 부근),오른쪽 드라이브 샤프트 부싱 찢어짐, 리어 너클 각도 조정 완료",균열(1),,,,,,,,,,,,,,
PANEL-PDA SUPPORT RUBBER,"COVER-FOOTREST,TOP_화재카트",파손(2),분실(2),,,,,,,,,,,,,
"PANEL-REAR WHEELHOUSE,LH A","MOLDING-SIDE,LH A_가좌점 사고카트, 차량접촉으로 인한 파손",교체(3),파손(2),마모(1),충돌(1),소음(1),접촉(1),,,,,,,,,
"PANEL-REAR WHEELHOUSE,RH A","PANEL-REAR WHEELHOUSE,RH A 파손",파손(6),교체(5),마모(2),,,,,,,,,,,,
"PANEL-TOP COVER,FRONT A","PANEL-CENTER COVER,FRONT A 파손 ",파손(54),충돌(9),마모(3),교체(3),운행(1),흔들림(1),접촉(1),,,,,,,,
"PANEL-TOP COVER,REAR","결배 ""12월""",교체(1),,,,,,,,,,,,,,
"PANEL-UPPER SIDE,LH A","PANEL-CENTER SIDE,LH OP A_충격에 의한 파손",파손(35),교체(4),마모(3),충돌(3),휘어짐(1),운행(1),누설(1),접촉(1),충격(1),,,,,,
"PANEL-UPPER SIDE,LH OP A",TABLET PC 파손,파손(12),충돌(2),충격(2),분실(1),작동불량(1),교체(1),불량(1),꺾임(1),,,,,,,
"PANEL-UPPER SIDE,RH A","KNUCKLE ASSY,LH-FRONT 앞바퀴 흔들림.",파손(62),마모(13),교체(10),충돌(3),휘어짐(3),오염(2),불량(2),온도(2),흔들림(2),충격(2),분실(1),작동불량(1),소음(1),운행(1),누설(1)
PARKING AID SENSOR,"PANEL-LED MODULE,FRONT A 파손",파손(7),마모(1),,,,,,,,,,,,,
PCB ASSY-MAIN,PCB ASSY-MAIN 전원 인가 안됨.,온도(103),불량(89),안됨(53),작동불량(28),교체(27),안들어옴(16),에러(14),파손(9),충전(8),마모(6),멈춤(6),운행(5),고장(3),분실(1),소음(1)
PIN SHAFT-DOOR LOCKER,BAR-DOOR LOCKER 파손,파손(585),마모(49),충돌(6),운행(6),충전(4),교체(4),크랙(4),멈춤(3),안됨(2),에러(2),누유(1),오염(1),불량(1),부풀(1),휘어짐(1)
PIN-FOOTHOLDER A,"KNUCKLE ASSY,LH-FRONT 마모로 인한 볼조인트 고정안됨(뒷바퀴 오 마모 주행거리 9899)",마모(2),파손(1),교체(1),안됨(1),,,,,,,,,,,
PLATE ELEC MODULE,FRAME-TRANSAXLE A 파손,파손(1),교체(1),불량(1),,,,,,,,,,,,
PLATE-LOWER,"RAIL ASSY-DRAWER,LH 파손",파손(154),교체(16),마모(12),변형(9),충돌(8),충전(3),안됨(3),소음(2),불량(2),휘어짐(2),크랙(2),셀(2),작동불량(1),누유(1),유격(1)
PLATE-MID,"RAIL ASSY-DRAWER,LH 파손",파손(86),충돌(12),마모(7),휘어짐(4),충격(2),변형(1),소음(1),크랙(1),온도(1),흔들림(1),,,,,
"PLATE-SIDE,LH",LEVER BUTTON-DOOR LOCKER 파손 도어 안열림,파손(8),마모(2),충격(1),,,,,,,,,,,,
"PLATE-SIDE,RH",LEVER BUTTON-DOOR LOCKER 파손 도어 안열림,파손(30),충돌(11),마모(6),휘어짐(4),충격(2),소음(1),온도(1),흔들림(1),,,,,,,
"PLATE_SIDE,LH","RAIL ASSY-DRAWER,LH 부주의로 인한 파손",파손(17),충돌(11),휘어짐(5),마모(3),변형(1),온도(1),충격(1),,,,,,,,
"PLUG-DRAIN HOLE,UPPER",HEATING HANDLE GRIP LH 파손으로 교체,파손(3),교체(2),분실(1),불량(1),안됨(1),셀(1),온도(1),,,,,,,,
POWER UNIT ASSY,POWER UNIT ASSY 작동불량 ,소음(7),불량(7),작동불량(6),안됨(4),떨림(2),파손(1),마모(1),,,,,,,,
"RAIL ASSY-DRAWER,LH","RAIL ASSY-DRAWER,LH,RH",파손(1344),충돌(140),마모(92),휘어짐(37),교체(31),운행(20),충격(17),크랙(11),안됨(7),소음(4),베어링(4),누유(3),변형(2),충전(2),분실(2)
"RAIL ASSY-DRAWER,RH","RAIL ASSY-DRAWER,LH,RH",파손(1348),충돌(135),마모(94),휘어짐(38),교체(34),운행(21),충격(18),크랙(16),안됨(9),소음(3),누유(3),흔들림(3),충전(2),베어링(2),셀(2)
REAR LAMP LH,REAR LAMP LH 라이트 안들어옴,파손(62),안됨(12),마모(8),안들어옴(7),충돌(6),불량(5),작동불량(4),고장(4),운행(2),깨짐(1),교체(1),크랙(1),단선(1),버튼(1),온도(1)
REAR LAMP RH,REAR LAMP RH 고장,파손(55),안됨(13),마모(11),충돌(8),안들어옴(7),작동불량(4),불량(4),고장(3),운행(3),교체(2),멈춤(2),충전(1),깨짐(1),휘어짐(1),크랙(1)
REFRIGERATOR ASSY,REFRIGERATOR ASSY_냉장고 온도 센서 불량으로 인한 온도 안딸어짐 (추정),누설(133),교체(53),온도(34),불량(25),고장(16),에러(14),파손(5),작동불량(2),안됨(2),소음(1),단선(1),운행(1),멈춤(1),냉각(1),충격(1)
ROUND NEODYMIUM MAGNET,PANEL-PDA SUPPORT 부착,파손(1),교체(1),,,,,,,,,,,,,
"RUBBER-HANDLE SIDE,LH","COVER-FOOTREST,TOP_화재카트",,,,,,,,,,,,,,,
"RUBBER-HANDLE SIDE,RH","COVER-FOOTREST,TOP_화재카트",,,,,,,,,,,,,,,
"RUBBER-HANDLE,FRONT",노후탈거 FRAME-TOP A_탑 프레임 파손으로 인한 교체,파손(1),교체(1),,,,,,,,,,,,,
SENSOR-BRAKE,SWITCH-LIMIT 정기,안됨(18),불량(15),작동불량(13),운행(12),멈춤(11),파손(6),에러(6),교체(4),마모(1),고장(1),단선(1),버튼(1),베어링(1),접촉(1),
SHOCK ABSORBER -FOOTHOLDER,"PANEL-UPPER SIDE,LH OP A 파손",파손(1),변형(1),교체(1),안됨(1),,,,,,,,,,,
SHOCK ABSORBER A-FRONT,"KNUCKLE ASSY,LH-FRONT 앞바퀴 흔들림.",마모(3),교체(3),파손(2),변형(1),흔들림(1),,,,,,,,,,
SHOCK ABSORBER A-REAR,"KNUCKLE ASSY,LH-REAR 부식으로 배어링 뻑뻑함
SHOCK ABSORBER A-REAR 드라이브샤프트 처짐으로 떨림증상 심함",파손(6),마모(1),변형(1),떨림(1),충격(1),,,,,,,,,,
SHOCK ABSORBER-FOOTHOLDER,MTR CONTROLLER U단자 탐,안됨(5),파손(4),변형(1),작동불량(1),누유(1),교체(1),불량(1),크랙(1),유격(1),충격(1),,,,,
SIDE 3LED MODULE,REFRIGERATOR ASSY_사고로 인한 파손 교체,파손(1),교체(1),,,,,,,,,,,,,
"SIDE MIRROR ASSY,LH","벽 충돌 SIDE MIRROR ASSY,LH 깨짐",파손(358),충돌(34),마모(31),교체(15),운행(11),충격(9),휘어짐(5),안됨(5),깨짐(4),크랙(4),불량(3),충전(2),오염(2),누설(2),분실(1)
"SIDE MIRROR ASSY,RH","SIDE MIRROR ASSY,RH 교체",파손(413),마모(32),충돌(31),교체(21),충격(9),휘어짐(6),깨짐(4),운행(4),분실(3),크랙(3),변형(2),충전(2),작동불량(1),소음(1),오염(1)
SIDE REPEATER,"COVER-FOOTREST,TOP 파손",파손(14),충돌(5),마모(3),교체(2),작동불량(1),소음(1),불량(1),휘어짐(1),유격(1),고무(1),충격(1),,,,
SK배터리 (H2.5),BATTERY PACK ASSY (86Ah)전원꺼짐,충전(2),운행(2),교체(1),안됨(1),멈춤(1),,,,,,,,,,
SK충전기48V,충전기 교체를 진행하였으나 3일에 1번꼴로 충전이 안되어있는날이 있다고 하심,충전(989),안됨(383),불량(103),작동불량(69),교체(52),파손(20),운행(15),고장(12),안들어옴(6),소음(5),멈춤(5),연결(4),에러(3),마모(2),단선(2)
SPRING-DOOR LOCKER,BAR-DOOR LOCKER 파손,파손(305),마모(24),교체(24),변형(11),분실(10),충돌(6),휘어짐(5),안됨(4),충격(4),불량(3),운행(3),이탈(3),작동불량(2),크랙(2),소음(1)
STABILIZER LINK A,FRAME-TRANSAXLE A 파손 및 너클소음 드라이브샤프트 누유및 파손,파손(138),마모(43),유격(21),휘어짐(16),교체(15),소음(11),크랙(10),베어링(9),고무(9),변형(7),운행(6),안됨(5),누유(4),이탈(3),진동(3)
STEERING GEAR ASSY,STEERING GEAR ASSY 파손 ,파손(8),교체(4),유격(4),마모(2),소음(2),변형(1),작동불량(1),불량(1),운행(1),고무(1),,,,,
SUPPORT-DOOR CATCH,냉장고 캐치 파손,파손(73),마모(7),불량(7),셀(6),안됨(5),작동불량(3),변형(2),충전(2),분실(2),오염(2),교체(2),운행(2),멈춤(2),충격(2),충돌(1)
SWITCH A-MAIN POWER,SWITCH A-MAIN POWER 이상의심,충전(16),파손(15),안됨(4),작동불량(3),불량(3),멈춤(3),마모(2),운행(2),누설(1),연결(1),,,,,
SWITCH ASSY LH,PANEL-DASH A 파손,충전(153),파손(147),안됨(71),휘어짐(29),마모(20),교체(20),불량(19),작동불량(7),고장(7),운행(7),연결(6),접촉(5),안들어옴(3),이탈(2),멈춤(2)
SWITCH ASSY RH,SWITCH ASSY RH EMB 버튼 작동 불량,불량(9),버튼(8),파손(7),마모(4),교체(3),안됨(3),멈춤(3),작동불량(2),운행(2),분실(1),소음(1),휘어짐(1),크랙(1),에러(1),헐거움(1)
SWITCH-EMERGENCY,SWITCH-EMERGENCY 비상버튼 분실,파손(103),버튼(24),마모(16),분실(16),충돌(10),교체(5),운행(5),소음(4),휘어짐(4),멈춤(3),셀(3),충격(3),누유(2),불량(2),안됨(2)
SWITCH-HAZARD ,SWITCH-SPEED CONTROL 스위치작동안됨,안됨(3),파손(1),불량(1),,,,,,,,,,,,
SWITCH-HAZARD   ,SWITCH-SYSTEM CHECK,버튼(2),작동불량(1),불량(1),안됨(1),운행(1),멈춤(1),,,,,,,,,
SWITCH-LIMIT,ENCODER 주행중 저속주행,불량(178),안됨(149),작동불량(121),파손(99),운행(60),멈춤(55),마모(32),셀(29),교체(20),고장(18),접촉(17),에러(16),충전(13),소음(8),단선(6)
SWITCH-SPEED CONTROL,SWITCH-SYSTEM CHECK,안됨(3),버튼(2),파손(1),작동불량(1),불량(1),운행(1),멈춤(1),진동(1),,,,,,,
SWITCH-SYSTEM CHECK,SWITCH-SYSTEM CHECK,안됨(3),파손(2),작동불량(2),불량(2),버튼(2),운행(1),멈춤(1),,,,,,,,
TABLET PC,TABLET PC 파손,파손(3),마모(1),불량(1),,,,,,,,,,,,
TRANSAXLE,TRANSAXLE 소음,소음(338),파손(138),교체(60),셀(60),운행(45),멈춤(28),누유(16),안됨(11),불량(9),마모(7),베어링(7),에러(6),유격(5),흔들림(4),충전(2)
"TS WASHER-WHEEL, FRONT",TS프론트허브 베어링파손,파손(1),불량(1),베어링(1),,,,,,,,,,,,
TSDC배터리케이블(A/S),TSDC배터리케이블(A/S) 불량 ,파손(3),불량(3),충전(2),작동불량(2),마모(1),안됨(1),안들어옴(1),운행(1),,,,,,,
TSDC브라켓너트,DC앞범퍼브라켓ASSY 변형,파손(25),불량(3),변형(2),충돌(2),작동불량(2),휘어짐(2),충격(2),충전(1),분실(1),누유(1),교체(1),셀(1),누설(1),,
TSDC충전선,충전선 고장으로 충전안됨,충전(48),파손(14),분실(11),안됨(9),불량(7),단선(6),마모(5),작동불량(4),소음(2),교체(2),변형(1),충돌(1),고장(1),멈춤(1),셀(1)
TSDC캐노피볼트 m6,TS스티어링칼럼ASSY,파손(1),,,,,,,,,,,,,,
TSMCU(컨트롤러),TS암우레탄부싱 외관불량 ,불량(1),,,,,,,,,,,,,,
TS감속기판,TS감속기판 파손 처짐 앞뒤바퀴교환,파손(4),변형(1),작동불량(1),불량(1),,,,,,,,,,,
TS깜박이릴레이(002),TS깜박이릴레이(002) 작동안됨,소음(3),불량(3),안됨(3),마모(2),작동불량(2),파손(1),변형(1),충돌(1),고장(1),오염(1),운행(1),,,,
TS너클(오),TS컨버터 작동불량 ,파손(5),마모(3),변형(2),충전(2),불량(2),작동불량(1),교체(1),휘어짐(1),안됨(1),운행(1),멈춤(1),연결(1),,,
TS너클(왼),TS컨버터 작동불량 ,파손(9),마모(4),충전(2),소음(2),불량(2),변형(1),작동불량(1),오염(1),교체(1),휘어짐(1),안됨(1),,,,
TS디스크,TS후방쇼바 파손 및 전후진중 소음발생,파손(7),소음(5),변형(3),불량(3),마모(1),충돌(1),작동불량(1),누유(1),안됨(1),운행(1),,,,,
TS로어암,TS로어암 파손으로 구동시 소음 발생함.,파손(2),변형(2),안됨(2),마모(1),작동불량(1),소음(1),불량(1),,,,,,,,
TS로어암이너부싱,평찰/흑각_로어암 연결 부위 파손,파손(2),마모(1),변형(1),불량(1),연결(1),,,,,,,,,,
TS롱타이로드,TS컨버터 작동불량 ,파손(1),작동불량(1),불량(1),,,,,,,,,,,,
TS리어허브-28π,TS후방쇼바 파손 및 전후진중 소음발생,파손(5),변형(3),소음(3),누유(2),불량(2),마모(1),작동불량(1),안됨(1),운행(1),,,,,,
TS릴레이박스,비상스위치 버튼 파손됨,안됨(3),충전(2),소음(2),파손(1),마모(1),작동불량(1),오염(1),불량(1),버튼(1),연결(1),,,,,
TS메인스위치ASSY,카트전원키 운전중 계속 빠짐,충전(13),안됨(11),불량(8),파손(6),작동불량(6),운행(5),멈춤(5),마모(3),교체(3),단선(3),변형(1),소음(1),고장(1),버튼(1),베어링(1)
TS발판프레임,TS발판프레임 파손,파손(3),충전(2),휘어짐(2),변형(1),충돌(1),작동불량(1),불량(1),안됨(1),,,,,,,
TS백미러브라켓,스마트바퀴 앞트레드마모 ,소음(3),마모(1),오염(1),,,,,,,,,,,,
TS볼조인트(롱),TS컨버터 작동불량 ,파손(3),마모(2),충전(2),작동불량(2),불량(2),안됨(1),베어링(1),,,,,,,,
TS볼조인트(숏),TS컨버터 작동불량 ,파손(2),충전(2),작동불량(2),불량(2),변형(1),안됨(1),베어링(1),,,,,,,,
TS브라켓봉,MULTI FUNCTION SW 스위치 작동안됨,안됨(1),,,,,,,,,,,,,,
TS브레이크 패드,TS브레이크 패드 파손,마모(12),파손(9),소음(9),이탈(5),셀(3),운행(2),누유(1),안됨(1),베어링(1),멈춤(1),,,,,
TS브레이크ASSY,TS브레이크ASSY 캘리퍼 갈리며 소음발생,파손(3),소음(2),누유(1),교체(1),불량(1),운행(1),멈춤(1),,,,,,,,
TS숏타이로드,TS컨버터 작동불량 ,파손(2),불량(2),변형(1),작동불량(1),베어링(1),,,,,,,,,,
TS스티어링칼럼ASSY,TS컨버터 작동불량 ,변형(1),작동불량(1),불량(1),,,,,,,,,,,,
TS써킷10A,TS컨택터운행멈춤,불량(12),파손(9),충전(6),작동불량(6),교체(6),안됨(6),운행(6),멈춤(6),마모(5),안들어옴(4),소음(2),단선(2),변형(1),충돌(1),고장(1)
TS써킷5A,TS써킷5A 파손,불량(13),파손(8),작동불량(7),마모(6),교체(5),충전(4),안됨(4),소음(2),충돌(1),오염(1),안들어옴(1),단선(1),베어링(1),운행(1),멈춤(1)
TS암우레탄부싱,TS감속기판 파손 처짐 앞뒤바퀴교환,파손(7),불량(3),변형(2),소음(2),마모(1),작동불량(1),교체(1),안됨(1),,,,,,,
TS암이너부싱,TS감속기판 파손 처짐 앞뒤바퀴교환,파손(2),변형(1),작동불량(1),소음(1),불량(1),,,,,,,,,,
TS앞범퍼브라켓ASSY,프론트센터커버 정면출동외장파손,파손(82),휘어짐(20),충돌(13),변형(5),셀(5),충격(4),마모(3),불량(3),충전(2),작동불량(2),소음(2),교체(2),온도(2),누유(1),운행(1)
TS어퍼암,TS로어암 파손으로 구동시 소음 발생함.,파손(2),충전(2),안됨(2),작동불량(1),소음(1),불량(1),연결(1),,,,,,,,
TS전방쇼바,TS로어암 파손으로 구동시 소음 발생함.,파손(3),마모(1),변형(1),소음(1),누유(1),운행(1),멈춤(1),,,,,,,,
TS전자브레이크48V,TS전자브레이크48V(지니텍) 소음동반 제동불량,소음(16),멈춤(10),운행(9),불량(8),파손(7),셀(6),교체(5),작동불량(4),충전(1),누유(1),에러(1),,,,
TS컨버터,TS컨버터 작동불량 ,충전(2),작동불량(2),불량(2),안됨(2),,,,,,,,,,,
TS컨택터,TS컨택터,운행(41),멈춤(41),불량(30),작동불량(28),셀(21),파손(19),안됨(16),교체(15),마모(5),소음(4),충전(3),변형(2),고장(2),에러(2),연결(2)
TS클러스터하네스,TS깜박이릴레이(002) 작동안됨,안됨(2),,,,,,,,,,,,,,
TS파이프홀더,MULTI FUNCTION SW 스위치 작동안됨,안됨(1),,,,,,,,,,,,,,
TS프론트허브,앞바퀴 트레드 마모 ,파손(18),마모(11),소음(6),베어링(5),불량(3),충전(2),작동불량(2),안됨(2),변형(1),오염(1),휘어짐(1),이탈(1),,,
TS후방쇼바,TS후방쇼바 파손 및 전후진중 소음발생,파손(4),소음(3),누유(2),마모(1),변형(1),작동불량(1),교체(1),불량(1),,,,,,,
USB PORT,USB PORT 충전안됨,안됨(40),충전(37),파손(30),불량(17),작동불량(11),마모(8),크랙(3),교체(2),고장(1),단선(1),유격(1),연결(1),접촉(1),,
WHEEL CAP A,COVER MAT-FOOTREST 변형,분실(165),파손(161),마모(93),교체(15),크랙(9),안됨(8),충돌(7),불량(7),작동불량(5),이탈(5),셀(4),변형(3),소음(3),버튼(3),유격(3)
WIRE MESH,차량 접촉사고로 전면부 및 측면부 파손,파손(2),교체(2),접촉(1),,,,,,,,,,,,
WIRE-EM BRAKE,WIRE-EM BRAKE 파손,파손(14),교체(5),불량(2),운행(2),이탈(2),마모(1),변형(1),작동불량(1),휘어짐(1),멈춤(1),에러(1),진동(1),균열(1),,
WIRING ASSY-CLUSTER EXTN,WIRING ASSY-CLUSTER EXTN 고속저속 버튼 작동안됨,안됨(4),불량(3),버튼(3),작동불량(2),파손(1),운행(1),멈춤(1),,,,,,,,
WIRING ASSY-MODULE EXTN,FRAME-TRANSAXLE A 파손,파손(2),,,,,,,,,,,,,,
WIRING_ASSY_FRT_LED_MODULE,"PANEL-CENTER COVER,FRONT A 파손",파손(5),충전(1),소음(1),안됨(1),누설(1),진동(1),,,,,,,,,
그릴프레임,HY앞범퍼브라켓ASSY 파손,파손(58),교체(6),셀(5),충돌(4),마모(3),오염(3),충전(2),안됨(2),변형(1),작동불량(1),불량(1),휘어짐(1),단선(1),운행(1),
그립,SWITCH-LIMIT (커넥터),파손(407),마모(318),변형(177),불량(174),안됨(139),셀(137),오염(91),작동불량(79),충전(78),운행(69),교체(68),소음(59),멈춤(48),고장(23),에러(16)
기계실UNIT ASSY(캐리어),콤프레샤(BD250) 작동안됨,파손(1),충전(1),안됨(1),,,,,,,,,,,,
냉매가스충전,냉매가스충전_냉매부족으로 인한 냉기부족,불량(248),충전(166),온도(164),교체(65),누설(65),작동불량(62),안됨(48),파손(10),소음(3),고장(3),운행(2),멈춤(2),변형(1),충돌(1),유격(1)
냉매누설차단,냉매가스충전_냉매부족 으로 인한 냉장고 성애 발생,충전(94),불량(51),온도(49),누설(22),교체(13),작동불량(6),안됨(3),파손(2),고장(2),,,,,,
냉장고 도어(우측),냉장고 도어(우측) 파손,파손(213),셀(34),교체(30),오염(29),불량(14),마모(10),변형(10),소음(9),충전(8),안됨(7),누설(5),온도(4),연결(4),운행(3),작동불량(2)
냉장고 도어(좌측),노후탈거 HYDC감속기-28π 작동불량,파손(130),셀(31),오염(27),교체(26),불량(20),마모(12),변형(11),소음(8),작동불량(7),누설(7),충전(5),안됨(4),온도(4),연결(4),운행(3)
냉장고 도어(중앙),냉장고 도어(중앙) 파손,파손(230),셀(37),오염(30),교체(30),불량(20),마모(10),충전(9),소음(9),누설(8),안됨(7),변형(6),운행(5),온도(5),작동불량(4),연결(3)
냉장고 도어(측면),냉장고 도어(측면) 교체,파손(94),셀(18),교체(16),불량(13),오염(11),소음(7),마모(5),작동불량(4),누설(4),충전(2),안됨(2),온도(2),변형(1),분실(1),휘어짐(1)
냉장고 도어경첩(180도 각도),냉장고 도어경첩(180도 각도),안됨(413),파손(342),불량(152),작동불량(108),마모(88),셀(41),교체(36),충전(35),오염(23),소음(21),변형(15),운행(12),멈춤(10),헐거움(10),버튼(8)
냉장고 도어경첩(90도 각도),토탈케어,파손(68),불량(23),마모(22),작동불량(17),안됨(11),셀(10),누설(9),교체(6),오염(5),고장(4),충전(3),운행(3),변형(2),소음(2),휘어짐(2)
냉장고 보냉재,냉매부족,불량(59),누설(32),작동불량(30),온도(29),안됨(11),파손(10),충전(3),변형(2),교체(2),멈춤(2),마모(1),유격(1),운행(1),셀(1),
냉장고 센서커버,SUPPORT-DOOR CATCH 파손,불량(3),파손(2),마모(2),안됨(2),운행(2),셀(2),교체(1),멈춤(1),,,,,,,
냉장고 중앙분리대,TRANSAXLE 소음으로 교체,파손(6),교체(3),소음(1),불량(1),,,,,,,,,,,
냉장고 칸막이(대),냉장고 칸막이(대) 파손,파손(24),작동불량(6),불량(6),교체(4),마모(3),오염(3),분실(2),변형(1),충전(1),소음(1),안됨(1),버튼(1),셀(1),누설(1),
냉장고 칸막이(소),냉장고 칸막이(소) 고정판 파손,파손(97),분실(19),마모(13),불량(13),셀(10),작동불량(9),오염(9),교체(7),안됨(5),소음(4),변형(3),충전(3),버튼(2),운행(2),누설(2)
냉장고 캐치,냉장고 도어(중앙)파손,파손(82),안됨(10),분실(8),불량(7),마모(6),교체(5),작동불량(4),충격(4),셀(3),충전(2),고장(2),변형(1),소음(1),오염(1),버튼(1)
냉장고 키락커(카이스/진우),냉장고 도어(중앙),파손(48),불량(27),작동불량(24),교체(20),마모(4),안됨(4),충전(3),오염(2),변형(1),분실(1),소음(1),셀(1),에러(1),,
냉장고 키락커(캐리어),냉장고 도어(우측) 파손,파손(197),불량(50),안됨(42),오염(34),셀(31),작동불량(28),교체(22),마모(21),고장(19),변형(13),충전(12),분실(12),소음(8),휘어짐(4),운행(4)
냉장고 힌지 ABS,냉장고 도어(중앙) 파손,파손(80),셀(16),오염(10),교체(6),불량(5),안됨(5),변형(4),마모(3),충전(3),충격(3),소음(2),분실(1),작동불량(1),운행(1),멈춤(1)
냉장고 힌지 LEG,TS컨버터 작동불량 ,파손(8),불량(5),변형(2),소음(2),교체(2),작동불량(1),오염(1),연결(1),충격(1),뒤틀림(1),,,,,
너클 (오),너클(오) 파손 ,파손(10),교체(3),불량(2),변형(1),작동불량(1),소음(1),휘어짐(1),온도(1),,,,,,,
너클 (왼),볼조인트 파손,파손(10),교체(2),불량(1),휘어짐(1),안됨(1),고무(1),온도(1),,,,,,,,
노후탈거 14 WHEEL&TIRE A,정기(앞바퀴 마모 5465),마모(21),교체(1),크랙(1),,,,,,,,,,,,
노후탈거 BALL JOINT A-LOWER,COVER MAT-FOOTREST_사고카트,교체(1),,,,,,,,,,,,,,
"노후탈거 BARRIER-REFRIGERATOR,MID","노후탈거 BARRIER-REFRIGERATOR,MID 파손",파손(1),,,,,,,,,,,,,,
"노후탈거 CONTROL ARM A,LH-FRONT",COVER MAT-FOOTREST_사고카트,교체(1),,,,,,,,,,,,,,
"노후탈거 CONTROL ARM A,RH-FRONT",COVER MAT-FOOTREST_사고카트,교체(1),,,,,,,,,,,,,,
노후탈거 CONTROL UNIT ASSY,노후탈거 CONTROL UNIT ASSY 작동불량 ,작동불량(1),불량(1),,,,,,,,,,,,,
노후탈거 DC콘트롤러 - 브이씨텍,노후탈거 DC콘트롤러 - 브이씨텍 고장,파손(1),충전(1),고장(1),,,,,,,,,,,,
노후탈거 DISPLAY ASSY,노후탈거 DISPLAY ASSY,작동불량(1),불량(1),,,,,,,,,,,,,
"노후탈거 DOOR-REFRIGERATOR,REAR","노후탈거 DOOR-REFRIGERATOR,REAR",,,,,,,,,,,,,,,
"노후탈거 DOOR-REFRIGERATOR,SIDE LH","RAIL ASSY-DRAWER,LH 파손 ",파손(2),,,,,,,,,,,,,,
"노후탈거 DOOR-REFRIGERATOR,SIDE RH",14 WHEEL&TIRE A 앞바퀴오마모(주행거리2673),마모(1),,,,,,,,,,,,,,
"노후탈거 DRAWER-REFRIGERATOR,LH","노후탈거 DRAWER-REFRIGERATOR,LH 파손",파손(4),,,,,,,,,,,,,,
"노후탈거 DRAWER-REFRIGERATOR,RH","노후탈거 DRAWER-REFRIGERATOR,RH 파손",파손(6),마모(1),충돌(1),,,,,,,,,,,,
"노후탈거 DRIVESHAFT ASSY, LH",노후탈거 DRIVESHAFT ASSY(LH/RH)_고무 찢어짐,고무(45),파손(18),마모(13),누유(11),유격(7),교체(6),베어링(5),소음(4),이탈(4),충전(3),크랙(2),운행(2),휘어짐(1),연결(1),
"노후탈거 DRIVESHAFT ASSY, RH",노후탈거 DRIVESHAFT ASSY(LH/RH)_고무 찢어짐,고무(42),누유(25),파손(21),유격(16),이탈(16),마모(15),베어링(7),교체(6),운행(6),소음(5),크랙(5),충전(3),안됨(3),멈춤(3),휘어짐(2)
노후탈거 ELECTRONIC UNIT-COMPRESSOR DRIVER,"노후탈거 ELECTRONIC UNIT-COMPRESSOR DRIVER
작동안됨",불량(7),안됨(6),온도(6),작동불량(4),고장(2),교체(2),마모(1),멈춤(1),,,,,,,
노후탈거 FAN모터하네스(진우/캐리어),노후탈거 서브드라이버PCB(350) 작동불량,작동불량(1),불량(1),,,,,,,,,,,,,
노후탈거 FRAME-LOWER A,"FRAME-TOP A_사고로 인한 좌측 탑,로우 프레임 파손",교체(2),파손(1),,,,,,,,,,,,,
노후탈거 FRAME-TOP A,COVER MAT-FOOTREST_사고카트,교체(10),파손(9),휘어짐(1),충격(1),,,,,,,,,,,
노후탈거 FRAME-TRANSAXLE A,BRKT-STABILIZER A MTG,파손(85),변형(7),교체(5),마모(3),진동(3),소음(2),운행(2),충돌(1),휘어짐(1),단선(1),연결(1),,,,
노후탈거 FRT LED MODULE LH,"노후탈거 FRT LED MODULE LH_MO50 외 기타 에러코드 없음, 12V 라인 부품 중 문제 발생 의심, 전면 및 사이드 LED 교체 및 탈거 완료, 뒤 타이어 토우각 조",파손(2),작동불량(1),교체(1),불량(1),에러(1),,,,,,,,,,
노후탈거 FRT LED MODULE RH,"노후탈거 FRT LED MODULE LH_MO50 외 기타 에러코드 없음, 12V 라인 부품 중 문제 발생 의심, 전면 및 사이드 LED 교체 및 탈거 완료, 뒤 타이어 토우각 조",파손(3),교체(1),에러(1),,,,,,,,,,,,
노후탈거 HEAD LAMP,노후탈거 HEAD LAMP 안켜짐,,,,,,,,,,,,,,,
노후탈거 HYDC감속기-28π,노후탈거 HYDC감속기-28π 작동불량,작동불량(2),불량(2),소음(1),교체(1),셀(1),,,,,,,,,,
노후탈거 HYDC마그넷컨택터,"HY감속기판 파손, 캘리퍼파손,전장부 이상교체",불량(10),작동불량(9),운행(9),멈춤(6),파손(4),안됨(3),소음(1),교체(1),셀(1),에러(1),연결(1),,,,
노후탈거 HY너클(오),HYDC프론트허브 파손,파손(5),마모(1),,,,,,,,,,,,,
노후탈거 HY메인스위치ASSY,마그넷 컨택터 작동불량으로 운행멈춤,충전(75),파손(42),안됨(35),불량(21),버튼(12),교체(9),셀(9),작동불량(8),소음(8),마모(7),운행(7),멈춤(7),접촉(5),고장(4),변형(3)
노후탈거 HY콘트롤러,"멈춘상태로 잠시 서있다가 다시 출발하려고 하면 운행불가, 에러코드 20번 상시 떠 있음, 확인결과 엑셀값이 0v에서 0.8v까지 올라감, 엑셀 교체해도 동일증상 발생",운행(44),멈춤(41),에러(38),불량(20),안됨(16),교체(14),작동불량(13),셀(9),충전(6),소음(3),고장(3),접촉(2),변형(1),안들어옴(1),온도(1)
노후탈거 MOTOR ASSY,노후탈거 MOTOR ASSY_모터소음으로 인한 교체,소음(4),교체(4),멈춤(3),파손(2),진동(2),운행(1),온도(1),,,,,,,,
노후탈거 MTR CONTROLLER,"노후탈거 MTR CONTROLLER 고속모드에서도 서행(에러코드없음), 너클베어링 파손",파손(1),고장(1),베어링(1),운행(1),에러(1),,,,,,,,,,
노후탈거 PCB ASSY-MAIN,노후탈거 PCB ASSY-MAIN 습기유입으로 전원꺼짐,불량(20),작동불량(16),온도(6),안됨(5),교체(4),에러(4),마모(3),파손(2),충전(2),안들어옴(2),변형(1),,,,
노후탈거 POWER UNIT ASSY,"P2105054 (25년1월 소음으로 교체, 동일증상 발생, 쇠가 깍인 흔적이나 쇠가루는 없음)",소음(1),교체(1),,,,,,,,,,,,,
"노후탈거 RAIL ASSY-DRAWER,LH","DRAWER-REFRIGERATOR,RH 파손 ",파손(309),충돌(27),마모(23),충격(8),운행(7),크랙(5),작동불량(3),불량(3),휘어짐(3),안됨(2),유격(2),변형(1),충전(1),소음(1),깨짐(1)
"노후탈거 RAIL ASSY-DRAWER,RH","DRAWER-REFRIGERATOR,RH 파손 ",파손(336),충돌(29),마모(21),운행(7),충격(7),크랙(5),작동불량(3),불량(3),휘어짐(3),안됨(2),유격(2),충전(1),분실(1),소음(1),고장(1)
노후탈거 REAR LAMP LH,"CONSOLE-SLIDER BOX,REAR RH A_사고로인한 교체",파손(4),마모(1),충전(1),작동불량(1),교체(1),불량(1),,,,,,,,,
노후탈거 REAR LAMP RH,노후탈거 HEAD LAMP 안켜짐,파손(2),마모(1),,,,,,,,,,,,,
노후탈거 SK배터리,노후탈거 SK배터리 94Ah 배터리적용 (외곽지 배터리 교체 대상),안됨(50),충전(46),운행(37),셀(37),교체(31),불량(27),멈춤(21),작동불량(11),소음(8),안들어옴(6),고장(5),파손(3),에러(3),누설(3),마모(1)
노후탈거 SK충전기48V,노후탈거 SK배터리 소모빠름,충전(329),안됨(121),불량(20),교체(15),운행(9),작동불량(8),파손(6),안들어옴(3),멈춤(3),연결(3),온도(2),소음(1),고장(1),,
노후탈거 STABILIZER LINK A,"CONSOLE-SLIDER BOX,REAR RH A_사고로인한 교체",교체(1),,,,,,,,,,,,,,
노후탈거 STEERING GEAR ASSY,COVER MAT-FOOTREST_사고카트,교체(1),흔들림(1),,,,,,,,,,,,,
노후탈거 SWITCH ASSY LH,노후탈거 SWITCH ASSY LH USB작동안됨,파손(14),충전(5),마모(2),불량(2),안됨(2),작동불량(1),휘어짐(1),연결(1),충격(1),,,,,,
노후탈거 TS감속기-28π,프론트탑커버_TS 리워크,,,,,,,,,,,,,,,
노후탈거 냉장고 도어(우측),노후탈거 냉장고 도어(좌측) 파손,파손(26),셀(16),불량(9),오염(8),교체(8),변형(6),작동불량(5),누설(4),유격(3),마모(2),운행(2),에러(2),충돌(1),충전(1),고장(1)
노후탈거 냉장고 도어(좌측),노후탈거 냉장고 도어(좌측) 파손,파손(25),셀(14),오염(10),불량(5),변형(4),교체(4),작동불량(3),안됨(3),마모(2),충전(2),유격(2),고장(1),운행(1),멈춤(1),에러(1)
노후탈거 냉장고 도어(중앙),노후탈거 냉장고 도어(좌측) 파손,파손(29),셀(11),오염(10),변형(9),교체(6),불량(3),마모(2),작동불량(2),유격(2),고장(1),안됨(1),운행(1),멈춤(1),에러(1),
노후탈거 냉장고 도어(측면),노후탈거 냉장고 도어(좌측) 파손,파손(30),셀(21),오염(5),불량(3),마모(2),교체(2),변형(1),충전(1),작동불량(1),고장(1),깨짐(1),안됨(1),베어링(1),에러(1),누설(1)
노후탈거 냉장고 도어경첩(180도 각도),결배,안됨(9),작동불량(4),불량(4),운행(4),파손(3),멈춤(3),오염(2),누설(2),변형(1),,,,,,
노후탈거 냉장고 키락커(캐리어),HYDC리어허브-28π 결배,파손(33),불량(23),셀(21),작동불량(17),고장(8),안됨(7),마모(5),누설(5),변형(4),충전(4),소음(4),오염(4),교체(3),온도(2),깨짐(1)
노후탈거 디스플레이 PCB(진우/캐리어),토탈케어 ,온도(5),불량(4),파손(2),작동불량(2),고장(2),버튼(2),안됨(1),에러(1),,,,,,,
노후탈거 디스플레이 PCB(카이스),노후탈거 메인 PCB(카이스) 전원꺼짐,,,,,,,,,,,,,,,
노후탈거 메인 PCB(진우/캐리어),노후탈거 서브드라이버PCB(350) 작동불량,불량(8),온도(7),작동불량(5),파손(1),고장(1),교체(1),안됨(1),안들어옴(1),멈춤(1),셀(1),누설(1),,,,
노후탈거 메인 PCB(카이스),노후탈거 메인 PCB(카이스) 전원꺼짐,,,,,,,,,,,,,,,
노후탈거 모터,TRANSAXLE 소음,소음(9),파손(3),안됨(2),멈춤(2),변형(1),교체(1),베어링(1),운행(1),셀(1),에러(1),,,,,
노후탈거 미드커버자석,소모,누설(2),파손(1),불량(1),,,,,,,,,,,,
노후탈거 서브드라이버PCB(250),드라이브 작동불량및 냉매부족,작동불량(1),불량(1),안들어옴(1),,,,,,,,,,,,
노후탈거 서브드라이버PCB(350),노후탈거 서브드라이버PCB(350) 작동불량,불량(3),작동불량(2),소음(1),교체(1),누설(1),,,,,,,,,,
노후탈거 스마트바퀴,노후탈거 스마트바퀴,마모(442),파손(111),소음(53),불량(53),셀(39),안됨(22),운행(22),충전(20),교체(19),작동불량(18),변형(14),멈춤(11),베어링(7),휘어짐(5),에러(5)
"노후탈거 실리콘패킹-개선형(1,660mm/우측도어)",HYDC리어허브-28π 결배,셀(6),오염(5),파손(4),누설(2),마모(1),작동불량(1),불량(1),휘어짐(1),안됨(1),,,,,,
"노후탈거 실리콘패킹-개선형(1,710mm/좌,중,측면도어)",HYDC리어허브-28π 결배,파손(9),셀(8),오염(5),안됨(2),누설(2),마모(1),작동불량(1),불량(1),휘어짐(1),,,,,,
노후탈거 전조등(오),노후탈거 전조등(왼),파손(45),안됨(9),불량(8),충돌(6),작동불량(6),마모(5),충전(4),교체(4),휘어짐(3),멈춤(2),셀(2),고장(1),깨짐(1),오염(1),유격(1)
노후탈거 전조등(왼),전조등(오),파손(65),불량(12),안됨(11),충돌(8),작동불량(7),마모(6),고장(5),교체(4),충전(3),안들어옴(3),셀(3),오염(1),휘어짐(1),버튼(1),유격(1)
노후탈거 진우냉장고(REV1),결배,누설(47),불량(21),온도(19),교체(15),작동불량(7),안됨(6),파손(4),셀(3),운행(1),멈춤(1),,,,,
노후탈거 카이스냉장고,프론트탑커버_TS리워크,,,,,,,,,,,,,,,
노후탈거 캐노피브라켓(상),노후탈거 캐노피브라켓(상),파손(3),교체(1),,,,,,,,,,,,,
노후탈거 캐리어냉장고,냉장고 미세누설,누설(20),교체(15),불량(14),작동불량(9),안됨(6),온도(6),누유(1),,,,,,,,
노후탈거 콘덴샤(응축기)_카이스,냉장고 냉매 부족및 응축기누설,누설(1),,,,,,,,,,,,,,
노후탈거 콤프레샤(BD250),냉매부족 ,,,,,,,,,,,,,,,
노후탈거 클러스터,프론트탑커버_TS 리워크,교체(2),,,,,,,,,,,,,,
대쉬보드,결배,파손(15),교체(7),충전(3),소음(2),불량(2),온도(2),마모(1),,,,,,,,
뒷바퀴와셔,TRANSAXLE 소음,소음(262),파손(108),교체(51),셀(49),운행(38),멈춤(20),누유(14),안됨(13),마모(12),불량(12),작동불량(6),에러(5),변형(3),베어링(3),흔들림(3)
드라이어,COMPRESSOR ASSY-REFRIGERATOR_콤프 기동불량으로 인한 교체,교체(48),충전(46),불량(31),안됨(19),파손(18),작동불량(7),누설(3),온도(2),마모(1),유격(1),멈춤(1),에러(1),고무(1),충격(1),
디스플레이 PCB,DC/DC CONVERTER(H2.5) 쇼트,불량(141),온도(139),작동불량(79),안됨(68),버튼(47),파손(34),교체(18),고장(17),에러(13),충전(12),마모(9),셀(7),깨짐(4),안들어옴(4),휘어짐(2)
디스플레이 명판,DC/DC CONVERTER(H2.5) 쇼트,불량(131),온도(130),작동불량(74),안됨(62),버튼(41),파손(40),고장(18),교체(18),에러(13),충전(10),마모(6),안들어옴(4),셀(4),오염(3),휘어짐(3)
디스플레이 커버,DC/DC CONVERTER(H2.5) 쇼트,온도(60),불량(50),작동불량(36),안됨(29),파손(25),버튼(23),고장(15),에러(10),충전(6),교체(4),깨짐(3),셀(3),마모(2),휘어짐(2),오염(1)
라디그릴,HY앞범퍼브라켓ASSY 파손,파손(56),교체(6),셀(5),마모(3),충돌(3),오염(3),충전(2),변형(1),작동불량(1),불량(1),휘어짐(1),단선(1),운행(1),,
로어암(오),토탈케어,,,,,,,,,,,,,,,
로어암(왼),토탈케어,,,,,,,,,,,,,,,
리어로커버,앞범퍼 파손,파손(9),불량(3),셀(2),분실(1),소음(1),안됨(1),누설(1),온도(1),,,,,,,
리어센터커버,리어센터커버 파손,파손(14),충전(2),소음(2),교체(2),셀(2),마모(1),작동불량(1),불량(1),안됨(1),단선(1),충격(1),,,,
리어슬라이드콘솔,프론트탑커버,파손(14),셀(11),교체(5),충전(3),마모(2),오염(2),안됨(2),작동불량(1),소음(1),불량(1),에러(1),충격(1),,,
리어이너커버,리어이너커버 손잡이 파손,파손(67),마모(6),소음(6),교체(6),셀(6),충전(3),불량(3),안됨(3),작동불량(2),휘어짐(2),에러(2),연결(2),변형(1),깨짐(1),오염(1)
리어이너콘솔,TRANSAXLE 결배,파손(6),교체(2),운행(2),멈춤(2),충전(1),온도(1),충격(1),,,,,,,,
마그네틱판,리어이너커버 손잡이 파손,파손(68),셀(7),소음(6),마모(5),충전(5),불량(5),안됨(4),작동불량(3),교체(3),변형(1),오염(1),늘어남(1),휘어짐(1),유격(1),베어링(1)
멀티,멀티 파손,안됨(6),불량(5),파손(3),마모(3),작동불량(3),안들어옴(2),셀(2),고장(1),버튼(1),접촉(1),,,,,
메인 PCB,DC/DC CONVERTER(H2.5) 쇼트,온도(194),불량(169),작동불량(74),안됨(59),파손(39),교체(27),에러(24),충전(17),고장(12),안들어옴(10),마모(7),운행(7),버튼(6),멈춤(6),누설(5)
모듈,모듈 화면안들어옴 습기,파손(14),불량(14),작동불량(10),안됨(6),고장(4),안들어옴(4),멈춤(4),마모(3),충전(3),운행(3),단선(2),변형(1),소음(1),누유(1),깨짐(1)
모세관,COMPRESSOR ASSY-REFRIGERATOR_콤프 기동불량으로 인한 교체,충전(48),교체(45),불량(31),파손(20),안됨(20),작동불량(5),멈춤(5),운행(4),마모(3),누설(3),셀(2),분실(1),유격(1),고무(1),온도(1)
모터브라켓,냉매가스 부족으로 냉장고안됨,파손(3),소음(1),안됨(1),,,,,,,,,,,,
모터엔코더,엑셀(신형) 속도불량,멈춤(146),운행(108),불량(107),작동불량(66),에러(41),파손(37),교체(30),셀(22),안됨(13),단선(7),마모(6),접촉(6),충전(5),고장(4),변형(1)
모터케이블,HY메인하네스ASSY 캔통신 불량,불량(1),,,,,,,,,,,,,,
몰딩(오),앞범퍼 파손,파손(92),교체(9),충돌(8),마모(7),셀(6),소음(5),오염(5),안됨(5),충전(3),불량(2),충격(2),작동불량(1),고장(1),버튼(1),운행(1)
몰딩(왼),보드커버(오),파손(70),충돌(10),소음(5),교체(5),불량(5),셀(5),마모(3),작동불량(3),오염(3),안됨(2),버튼(1),운행(1),멈춤(1),에러(1),연결(1)
미드커버자석,CANOPY-HOLDER 토탈케어,셀(958),파손(197),마모(60),안됨(26),소음(9),불량(9),분실(8),크랙(7),누유(6),베어링(6),운행(6),충돌(5),충전(5),작동불량(4),교체(4)
미들 샤프트,미들 샤프트 작동불량,파손(5),안됨(5),교체(4),작동불량(3),불량(3),유격(2),소음(1),,,,,,,,
미들 샤프트 브라켓,정기,교체(1),,,,,,,,,,,,,,
미러브라켓,볼조인트 고착 ,파손(31),변형(6),마모(4),불량(3),작동불량(2),교체(2),운행(2),멈춤(2),오염(1),휘어짐(1),안됨(1),셀(1),접촉(1),,
발판매트,발판매트 손상,파손(331),마모(226),불량(66),안됨(42),셀(39),소음(34),작동불량(33),오염(32),변형(30),교체(30),충전(22),휘어짐(21),운행(15),멈춤(14),충돌(12)
발판시트1,HY숏프론트로드 휨,파손(17),변형(4),마모(3),불량(3),안됨(3),운행(3),작동불량(2),소음(2),멈춤(2),충돌(1),충전(1),휘어짐(1),접촉(1),충격(1),
발판시트2,HY숏프론트로드 휨,파손(21),마모(5),불량(5),변형(3),운행(3),충전(2),작동불량(2),소음(2),안됨(2),멈춤(2),접촉(2),충돌(1),휘어짐(1),충격(1),
발판커버(상),발판커버(하) 파손,파손(83),휘어짐(14),마모(10),충돌(9),셀(8),작동불량(5),소음(5),불량(5),변형(4),교체(4),안됨(2),운행(2),충격(2),멈춤(1),균열(1)
발판커버(하),발판커버(하) 파손,파손(83),휘어짐(14),마모(10),충돌(9),셀(8),작동불량(5),소음(5),불량(5),변형(4),교체(4),안됨(2),운행(2),충격(2),멈춤(1),균열(1)
보드커버(오),평찰/흑각_로어암 연결 부위 파손,파손(198),안됨(78),마모(58),분실(41),불량(30),교체(28),충전(21),셀(21),작동불량(19),소음(13),변형(11),오염(10),운행(9),멈춤(9),고장(6)
보드커버(왼),보드커버(왼) 외관불량 ,파손(313),안됨(114),마모(110),분실(55),교체(46),불량(43),충전(39),셀(27),작동불량(23),변형(20),소음(20),오염(20),멈춤(13),운행(12),온도(8)
보드콘솔(오),결배,파손(8),교체(3),충전(2),소음(2),불량(1),운행(1),멈춤(1),에러(1),연결(1),,,,,,
보드콘솔(왼),결배,파손(63),교체(7),불량(5),마모(4),소음(4),셀(4),충전(2),운행(2),멈춤(2),변형(1),충돌(1),깨짐(1),휘어짐(1),에러(1),연결(1)
볼조인트,볼조인트 부식,파손(512),마모(185),셀(158),불량(98),작동불량(83),소음(67),교체(61),안됨(27),운행(25),휘어짐(21),충전(19),변형(16),멈춤(16),베어링(15),접촉(7)
볼캐치,"PANEL-LOWER SIDE,RH 파손 ",파손(2),교체(2),,,,,,,,,,,,,
비상스위치,비상스위치 작동불량 ,파손(60),불량(36),작동불량(24),운행(19),멈춤(19),안됨(16),마모(12),셀(11),교체(6),소음(4),버튼(4),충전(2),단선(2),에러(2),접촉(2)
사이드로커버(오),사이드로커버(오) 파손,파손(33),셀(6),오염(4),충전(3),안됨(2),소음(1),고장(1),교체(1),충격(1),,,,,,
사이드로커버(왼),사이드로커버(왼)파손,파손(31),오염(6),교체(4),충돌(3),불량(3),셀(3),작동불량(1),안됨(1),운행(1),멈춤(1),에러(1),연결(1),,,
사이드미러,사이드미러(아이소바) 파손,파손(432),교체(30),마모(25),셀(21),충돌(20),불량(18),충격(17),분실(9),안됨(9),작동불량(8),오염(8),충전(7),소음(7),변형(6),운행(6)
사이드센터커버(오),토탈케어 후 매니저에게 카트지급,파손(65),셀(28),교체(12),오염(11),불량(6),소음(4),충격(4),마모(3),충전(3),에러(2),변형(1),휘어짐(1),안됨(1),,
사이드센터커버(왼),토탈케어 후 매니저에게 카트지급,파손(79),셀(28),오염(14),교체(10),불량(9),충전(6),소음(5),충돌(4),마모(3),작동불량(3),변형(2),안됨(2),운행(2),충격(2),고장(1)
사이드탑커버(오),사이드탑커버(왼) 파손,파손(138),셀(18),오염(15),교체(15),불량(8),마모(7),충돌(5),충격(4),충전(3),소음(3),누설(3),변형(1),안됨(1),,
사이드탑커버(왼),SWITCH-LIMIT (커넥터) 제동불량,파손(138),셀(18),불량(16),교체(15),오염(14),마모(8),충돌(7),작동불량(6),충전(5),소음(4),충격(4),변형(3),안됨(3),버튼(2),누설(2)
서브드라이버PCB,"노후탈거 SK배터리 화면꺼짐, 냉장고 휴즈 쇼트",불량(7),작동불량(4),안됨(4),파손(3),교체(3),마모(1),고장(1),운행(1),멈춤(1),에러(1),온도(1),,,,
솔레노이드밸브(카이스),콤프레샤(BD250) 냉매누설,불량(2),온도(2),작동불량(1),안됨(1),누설(1),,,,,,,,,,
스마트바퀴,스마트바퀴 마모,마모(1900),파손(351),셀(154),교체(130),소음(127),불량(80),충전(50),운행(50),안됨(48),변형(47),멈춤(42),작동불량(38),베어링(14),휘어짐(12),온도(12)
스티어링 기어 A,파손,파손(1),,,,,,,,,,,,,,
스티어링 컬럼 A,스티어링칼럼ASSY 조향시 소음 발생,소음(2),유격(2),불량(1),,,,,,,,,,,,
슬라이드,평찰/흑각_로어암 연결 부위 파손,파손(59),셀(14),불량(13),충전(6),마모(5),작동불량(5),안됨(5),운행(5),멈춤(4),교체(3),변형(2),고장(2),오염(2),휘어짐(2),버튼(2)
"실리콘패킹-개선형(1,660mm/우측도어)",냉장고 도어(중앙) 파손,파손(270),오염(206),불량(69),교체(44),셀(40),마모(38),소음(25),변형(24),작동불량(24),안됨(23),온도(10),충전(9),누설(8),운행(6),멈춤(6)
"실리콘패킹-개선형(1,710mm/좌,중,측면도어)",냉장고 도어(중앙) 파손,파손(302),오염(223),불량(76),교체(47),셀(43),마모(42),작동불량(28),소음(27),안됨(26),변형(25),온도(10),충전(9),누설(9),운행(6),멈춤(6)
알앤디스위치,알앤디스위치 스위치 파손,안됨(611),불량(507),작동불량(359),파손(355),버튼(195),마모(95),운행(84),접촉(66),멈춤(64),교체(51),고장(48),충전(37),셀(34),소음(26),에러(25)
앞바퀴와셔,앞바퀴 트레드 마모 ,파손(84),마모(23),소음(13),베어링(12),충전(7),안됨(7),운행(5),멈춤(5),셀(5),교체(4),불량(3),휘어짐(3),변형(2),누유(2),접촉(2)
앞범퍼,프론트센터커버 파손,파손(267),충돌(31),마모(14),교체(13),셀(13),소음(7),불량(7),안됨(6),작동불량(5),변형(4),오염(4),충전(3),운행(3),누유(1),고장(1)
어퍼암(오),어퍼암(오) 휘어짐,휘어짐(5),소음(2),파손(1),누유(1),교체(1),,,,,,,,,,
엑셀,엑셀(신형) 파손,셀(457),불량(150),작동불량(97),운행(84),안됨(61),멈춤(60),파손(58),교체(50),에러(25),단선(22),마모(9),충전(9),고장(9),소음(6),온도(5)
엑셀스프링,엑셀스프링 파손,셀(2369),파손(295),마모(46),불량(36),교체(32),안됨(20),작동불량(16),소음(13),운행(8),충전(7),누유(6),크랙(6),멈춤(6),유격(3),고무(3)
온도센서 상칸(공용),마그네틱판 파손,온도(16),파손(10),안됨(8),불량(7),마모(2),고장(2),에러(2),작동불량(1),소음(1),교체(1),,,,,
온도센서 하칸(공용),마그네틱판 파손,파손(8),안됨(5),온도(4),불량(3),마모(1),소음(1),고장(1),휘어짐(1),,,,,,,
와이어메쉬,사이드로커버(왼)파손,파손(33),셀(10),불량(9),작동불량(6),교체(5),안됨(5),누설(5),마모(4),오염(4),분실(3),운행(3),충격(3),소음(2),변형(1),충돌(1)
외기온도센서(카이스),MULTI FUNCTION SW 파손,온도(17),불량(16),작동불량(9),안됨(7),파손(4),교체(3),고장(2),마모(1),휘어짐(1),에러(1),누설(1),,,,
응축기청소,내부누설및 냉매부족,누설(20),불량(14),작동불량(6),온도(6),파손(1),충전(1),안됨(1),에러(1),,,,,,,
인터미디어트 샤프트 A,정기,교체(1),,,,,,,,,,,,,,
전원케이블,DC/DC CONVERTER(H2.5) 쇼트,불량(39),파손(25),작동불량(24),안됨(15),온도(14),교체(9),안들어옴(9),충전(7),고장(7),운행(5),셀(5),멈춤(4),에러(4),단선(3),오염(2)
전자크락션,결배,교체(5),오염(2),파손(1),소음(1),,,,,,,,,,,
전조등(오),전조등(오),파손(16),불량(5),마모(3),작동불량(3),안됨(3),충돌(2),고장(2),운행(1),멈춤(1),에러(1),접촉(1),,,,
전조등(왼),전조등(왼) 라이트작동안됨,파손(6),안됨(5),고장(1),셀(1),에러(1),,,,,,,,,,
진우냉장고(REV1),진우냉장고(REV1)_사고로 인한 교체,교체(1),,,,,,,,,,,,,,
캐노피고무,캐노피바 변형,파손(15),변형(4),마모(3),소음(2),불량(2),운행(2),멈춤(2),분실(1),안됨(1),셀(1),고무(1),접촉(1),,,
캐노피바,캐노피바 변형,파손(9),셀(2),변형(1),소음(1),교체(1),불량(1),휘어짐(1),운행(1),멈춤(1),,,,,,
캐노피브라켓(상),캐노피바 변형,파손(14),마모(7),안됨(4),변형(2),소음(2),불량(2),셀(2),작동불량(1),교체(1),휘어짐(1),접촉(1),,,,
캐노피브라켓(하),캐노피바 변형,파손(11),소음(2),운행(2),멈춤(2),셀(2),마모(1),변형(1),분실(1),오염(1),교체(1),휘어짐(1),안됨(1),,,
커플링,TRANSAXLE 기어 파손으로 멈춤,소음(313),파손(139),셀(61),교체(50),운행(48),멈춤(34),누유(16),불량(16),마모(11),안됨(11),에러(10),작동불량(7),베어링(6),흔들림(4),온도(3)
컨트롤 로어암 (오),컨트롤 로어암 (오) 턱에 걸려 파손됨,파손(3),교체(2),,,,,,,,,,,,,
컨트롤 로어암 (왼),컨트롤 로어암 (오) 턱에 걸려 파손됨,파손(3),교체(2),안됨(1),,,,,,,,,,,,
컨트롤 어퍼암 (오),정기,파손(3),교체(3),휘어짐(3),충돌(2),충격(1),,,,,,,,,,
컨트롤 어퍼암 (왼),TRANSAXLE 정기,교체(3),휘어짐(1),충격(1),,,,,,,,,,,,
콘덴샤 FAN(진우/캐리어),디스플레이 커버(진우/캐리어) 파손,파손(20),안됨(5),소음(3),에러(3),불량(2),마모(1),작동불량(1),교체(1),누설(1),,,,,,
콘덴샤FAN(카이스),MULTI FUNCTION SW 파손,불량(4),파손(3),작동불량(3),소음(2),안됨(1),온도(1),,,,,,,,,
콤프레샤(BD250),콤프레샤(BD250) 냉매누설,안됨(14),불량(3),작동불량(2),교체(2),파손(1),마모(1),누설(1),온도(1),,,,,,,
클러스터,클러스터 파손,파손(59),불량(45),안됨(35),버튼(27),단선(24),충전(23),셀(23),작동불량(22),교체(16),운행(11),멈춤(10),오염(7),고장(5),온도(5),마모(4)
키락커셋,키락커셋휘어짐,파손(120),안됨(19),불량(16),셀(16),마모(15),분실(12),작동불량(10),교체(8),충전(7),소음(7),오염(7),고장(4),휘어짐(3),단선(2),운행(2)
평철,"평철_탑 프레임 오른쪽 균열(캐노피 홀더 부근),오른쪽 드라이브 샤프트 부싱 찢어짐, 리어 너클 각도 조정 완료",파손(19),연결(1),균열(1),,,,,,,,,,,,
프론트가드,프론트센터커버 파손,파손(366),셀(33),교체(26),충돌(25),휘어짐(21),마모(18),소음(16),오염(16),불량(16),안됨(15),충격(12),변형(9),운행(9),충전(8),작동불량(8)
프론트센터커버,프론트센터커버 파손,파손(419),셀(42),교체(38),충돌(33),마모(20),불량(17),오염(16),소음(15),안됨(11),운행(6),작동불량(5),깨짐(5),온도(5),충전(4),변형(3)
프론트탑커버,SWITCH-LIMIT (커넥터) 제동불량,파손(453),충돌(35),교체(33),셀(23),불량(20),마모(17),오염(10),안됨(10),소음(8),충격(8),운행(6),충전(5),깨짐(5),누설(5),작동불량(3)
플러그홀(블랙),결배,파손(21),마모(7),불량(7),운행(5),멈춤(4),변형(3),분실(2),교체(2),에러(2),누설(2),작동불량(1),소음(1),누유(1),고장(1),접촉(1)
플러그홀(아이보리),프론트탑커버,파손(16),마모(5),운행(5),멈춤(4),불량(3),분실(2),교체(2),에러(2),누설(2),작동불량(1),누유(1),고장(1),안됨(1),베어링(1),셀(1)
핸들바,프론트탑커버_TS리워크,파손(1),,,,,,,,,,,,,,
핸들커버(뒤),TS컨버터 작동불량 ,파손(14),충전(6),안됨(6),교체(4),소음(3),불량(3),작동불량(2),운행(2),오염(1),단선(1),유격(1),멈춤(1),셀(1),에러(1),누설(1)
핸들커버(앞),TS컨버터 작동불량 ,파손(11),충전(6),안됨(6),소음(3),교체(3),작동불량(2),불량(2),운행(2),단선(1),유격(1),멈춤(1),셀(1),에러(1),,
환기 FAN(카이스),MULTI FUNCTION SW 파손,불량(4),작동불량(3),안됨(3),파손(2),온도(2),교체(1),에러(1),누설(1),,,,,,,
회전방지링,비상스위치 작동불량 ,파손(37),불량(21),마모(11),멈춤(11),작동불량(10),안됨(10),운행(10),셀(8),교체(5),소음(4),버튼(3),고장(2),변형(1),충돌(1),휘어짐(1)
후미등(오),결배,파손(13),불량(3),작동불량(2),교체(2),충전(1),안됨(1),누설(1),,,,,,,,
후미등(왼),사이드로커버(왼)파손,파손(4),작동불량(2),불량(2),마모(1),충격(1),,,,,,,,,,
휴즈10A(진우/캐리어),사이드로커버(오) 파손,파손(22),불량(13),안됨(12),작동불량(10),고장(5),교체(5),운행(5),멈춤(5),안들어옴(4),셀(3),온도(3),마모(2),단선(2),에러(2),충전(1)
흑각,평철/흑각_탑 프레임 캐노피 홀더 부분 파손,파손(19),연결(1),,,,,,,,,,,,,
힌지,전조등(오),파손(78),불량(19),마모(17),작동불량(11),셀(10),충전(7),안됨(7),소음(6),분실(4),변형(2),오염(2),교체(2),운행(2),멈춤(2),에러(2)
